# This file uses centimeters as units for non-parametric coordinates.

mtllib ball.mtl
g default
v -1.853658 0.018090 1.853658
v 1.853658 0.018090 1.853658
v -1.853658 3.725410 1.853658
v 1.853658 3.725410 1.853658
v -1.853658 3.725410 -1.853658
v 1.853658 3.725410 -1.853658
v -1.853658 0.018090 -1.853658
v 1.853658 0.018090 -1.853658
v -2.266394 4.138138 0.000000
v 2.266394 1.871748 -2.266394
v 0.000000 -0.394640 -2.266394
v -2.266394 1.871748 -2.266394
v 2.266394 -0.394640 -0.000000
v -2.266394 -0.394640 -0.000000
v -0.000000 -0.394640 2.266394
v 2.266394 1.871748 2.266394
v 0.000000 4.138141 2.266394
v -2.266394 1.871748 2.266394
v 2.266394 4.138138 0.000000
v 0.000000 4.138138 -2.266394
v 0.000000 1.871748 3.119653
v 0.000000 4.991402 0.000000
v 0.000000 1.871748 -3.119653
v 0.000000 -1.247907 0.000000
v 3.119653 1.871748 0.000000
v -3.119653 1.871748 0.000000
v -1.174135 0.697614 2.708949
v 1.174135 0.697613 2.708949
v 1.174135 3.045884 2.708949
v -1.174136 3.045885 2.708949
v -1.174135 4.580699 1.174135
v 1.174135 4.580699 1.174135
v 1.174135 4.580699 -1.174135
v -1.174135 4.580699 -1.174135
v -1.174135 3.045885 -2.708951
v 1.174135 3.045882 -2.708949
v 1.174135 0.697614 -2.708951
v -1.174135 0.697613 -2.708951
v -1.174135 -0.837202 -1.174135
v 1.174135 -0.837201 -1.174135
v 1.174135 -0.837202 1.174135
v -1.174135 -0.837202 1.174135
v 2.708951 0.697613 1.174135
v 2.708951 0.697613 -1.174135
v 2.708952 3.045885 -1.174135
v 2.708951 3.045885 1.174136
v -2.708949 0.697614 -1.174136
v -2.708951 0.697613 1.174135
v -2.708949 3.045885 1.174135
v -2.708952 3.045882 -1.174135
v 0.000000 0.633313 2.905615
v 1.238435 1.871748 2.905615
v 0.000000 3.110182 2.905613
v -1.238435 1.871748 2.905613
v 0.000000 4.777358 1.238435
v 1.238435 4.777366 0.000000
v 0.000000 4.777362 -1.238435
v -1.238435 4.777362 0.000000
v 0.000000 3.110182 -2.905615
v 1.238435 1.871748 -2.905615
v 0.000000 0.633313 -2.905613
v -1.238435 1.871748 -2.905613
v 0.000000 -1.033865 -1.238435
v 1.238435 -1.033864 0.000000
v 0.000000 -1.033865 1.238435
v -1.238435 -1.033865 0.000000
v 2.905611 0.633314 -0.000000
v 2.905615 1.871748 -1.238435
v 2.905613 3.110182 0.000000
v 2.905613 1.871748 1.238435
v -2.905615 0.633314 0.000000
v -2.905615 1.871748 1.238435
v -2.905613 3.110182 0.000000
v -2.905613 1.871748 -1.238435
v -1.099972 -0.257342 2.129087
v 1.099973 -0.257342 2.129095
v 2.129087 0.771772 2.129087
v 2.129087 2.971720 2.129090
v 1.099972 4.000838 2.129087
v -1.099972 4.000838 2.129087
v -2.129087 2.971720 2.129090
v -2.129087 0.771777 2.129087
v 2.129087 4.000838 1.099973
v 2.129087 4.000838 -1.099973
v 1.099972 4.000838 -2.129087
v -1.099973 4.000838 -2.129087
v -2.129087 4.000838 -1.099972
v -2.129087 4.000842 1.099973
v 2.129087 2.971720 -2.129087
v 2.129087 0.771777 -2.129087
v 1.099972 -0.257342 -2.129087
v -1.099973 -0.257342 -2.129087
v -2.129087 0.771772 -2.129087
v -2.129087 2.971720 -2.129095
v 2.129087 -0.257342 -1.099973
v 2.129087 -0.257345 1.099973
v -2.129087 -0.257342 1.099972
v -2.129087 -0.257341 -1.099973
v -1.602372 0.269374 2.268352
v -0.579322 0.108868 2.594196
v -0.622536 1.249212 3.013301
v -1.762879 1.292426 2.594196
v 0.579321 0.108871 2.594185
v 1.602372 0.269374 2.268356
v 1.762878 1.292427 2.594196
v 0.622535 1.249213 3.013303
v 0.622535 2.494285 3.013301
v 1.762878 2.451069 2.594196
v 1.602371 3.474119 2.268352
v 0.579322 3.634625 2.594196
v -1.762878 2.451072 2.594185
v -0.622536 2.494285 3.013301
v -0.579321 3.634624 2.594196
v -1.602372 3.474119 2.268352
v -1.602372 4.140101 1.602374
v -0.579323 4.465935 1.762877
v -0.622536 4.885044 0.622536
v -1.762879 4.465936 0.579323
v 0.579321 4.465938 1.762879
v 1.602372 4.140101 1.602372
v 1.762877 4.465938 0.579322
v 0.622536 4.885044 0.622535
v 0.622536 4.885044 -0.622536
v 1.762878 4.465936 -0.579323
v 1.602372 4.140097 -1.602372
v 0.579323 4.465936 -1.762879
v -1.762878 4.465938 -0.579322
v -0.622536 4.885050 -0.622536
v -0.579321 4.465936 -1.762878
v -1.602374 4.140101 -1.602374
v -1.602372 3.474121 -2.268352
v -0.579323 3.634624 -2.594188
v -0.622536 2.494285 -3.013303
v -1.762879 2.451069 -2.594196
v 0.579321 3.634625 -2.594196
v 1.602372 3.474121 -2.268352
v 1.762877 2.451069 -2.594186
v 0.622536 2.494283 -3.013303
v 0.622536 1.249212 -3.013303
v 1.762878 1.292427 -2.594196
v 1.602372 0.269374 -2.268356
v 0.579323 0.108872 -2.594196
v -1.762878 1.292426 -2.594185
v -0.622536 1.249212 -3.013301
v -0.579321 0.108868 -2.594196
v -1.602374 0.269374 -2.268352
v -1.602372 -0.396603 -1.602372
v -0.579323 -0.722438 -1.762877
v -0.622536 -1.141553 -0.622536
v -1.762879 -0.722438 -0.579323
v 0.579321 -0.722438 -1.762879
v 1.602372 -0.396603 -1.602372
v 1.762877 -0.722440 -0.579323
v 0.622536 -1.141553 -0.622535
v 0.622536 -1.141553 0.622536
v 1.762878 -0.722438 0.579323
v 1.602372 -0.396602 1.602372
v 0.579323 -0.722438 1.762879
v -1.762878 -0.722443 0.579322
v -0.622536 -1.141550 0.622536
v -0.579321 -0.722438 1.762878
v -1.602374 -0.396603 1.602374
v 2.268352 0.269374 1.602374
v 2.594196 0.108868 0.579322
v 3.013303 1.249212 0.622536
v 2.594196 1.292427 1.762877
v 2.594196 0.108868 -0.579321
v 2.268352 0.269374 -1.602372
v 2.594186 1.292427 -1.762879
v 3.013301 1.249213 -0.622536
v 3.013299 2.494285 -0.622535
v 2.594196 2.451069 -1.762878
v 2.268356 3.474119 -1.602372
v 2.594196 3.634625 -0.579323
v 2.594185 2.451072 1.762878
v 3.013301 2.494285 0.622536
v 2.594186 3.634624 0.579323
v 2.268356 3.474119 1.602371
v -2.268352 0.269374 -1.602373
v -2.594188 0.108872 -0.579323
v -3.013303 1.249212 -0.622535
v -2.594196 1.292426 -1.762879
v -2.594185 0.108868 0.579321
v -2.268352 0.269374 1.602374
v -2.594186 1.292427 1.762878
v -3.013301 1.249213 0.622536
v -3.013303 2.494285 0.622536
v -2.594196 2.451069 1.762878
v -2.268356 3.474119 1.602372
v -2.594196 3.634625 0.579323
v -2.594185 2.451072 -1.762878
v -3.013301 2.494285 -0.622536
v -2.594196 3.634624 -0.579323
v -2.268352 3.474121 -1.602372
v -1.124467 0.180429 2.467916
v -0.601176 0.652876 2.855742
v -1.218876 1.270574 2.855747
v -1.691318 0.747284 2.467919
v 1.124466 0.180431 2.467916
v 1.691317 0.747280 2.467916
v 1.218872 1.270574 2.855742
v 0.601175 0.652876 2.855742
v 1.218872 2.472925 2.855742
v 1.691318 2.996216 2.467916
v 1.124467 3.563070 2.467916
v 0.601176 3.090620 2.855747
v -1.218874 2.472924 2.855743
v -0.601176 3.090620 2.855747
v -1.124466 3.563065 2.467916
v -1.691317 2.996215 2.467916
v -1.124467 4.339666 1.691318
v -0.601176 4.727498 1.218876
v -1.218876 4.727498 0.601176
v -1.691318 4.339666 1.124466
v 1.124466 4.339667 1.691318
v 1.691317 4.339666 1.124467
v 1.218876 4.727498 0.601175
v 0.601176 4.727498 1.218874
v 1.218874 4.727498 -0.601176
v 1.691318 4.339666 -1.124466
v 1.124467 4.339666 -1.691320
v 0.601176 4.727498 -1.218873
v -1.218874 4.727498 -0.601176
v -0.601176 4.727498 -1.218876
v -1.124466 4.339666 -1.691317
v -1.691317 4.339666 -1.124469
v -1.124467 3.563070 -2.467919
v -0.601176 3.090620 -2.855747
v -1.218876 2.472925 -2.855742
v -1.691318 2.996216 -2.467916
v 1.124466 3.563065 -2.467919
v 1.691317 2.996213 -2.467916
v 1.218876 2.472924 -2.855747
v 0.601176 3.090623 -2.855747
v 1.218874 1.270574 -2.855742
v 1.691318 0.747279 -2.467916
v 1.124467 0.180431 -2.467916
v 0.601176 0.652877 -2.855747
v -1.218874 1.270571 -2.855742
v -0.601176 0.652876 -2.855747
v -1.124466 0.180429 -2.467916
v -1.691317 0.747283 -2.467916
v -1.124467 -0.596171 -1.691317
v -0.601176 -0.984002 -1.218876
v -1.218876 -0.983999 -0.601176
v -1.691318 -0.596165 -1.124466
v 1.124466 -0.596169 -1.691318
v 1.691317 -0.596165 -1.124467
v 1.218876 -0.984002 -0.601175
v 0.601176 -0.984002 -1.218874
v 1.218874 -0.983999 0.601176
v 1.691318 -0.596165 1.124466
v 1.124467 -0.596165 1.691320
v 0.601176 -0.984002 1.218873
v -1.218874 -0.983999 0.601176
v -0.601176 -0.984002 1.218876
v -1.124466 -0.596165 1.691317
v -1.691317 -0.596165 1.124469
v 2.467916 0.180429 1.124467
v 2.855747 0.652876 0.601176
v 2.855742 1.270574 1.218874
v 2.467916 0.747284 1.691318
v 2.467919 0.180429 -1.124466
v 2.467916 0.747280 -1.691317
v 2.855747 1.270572 -1.218876
v 2.855742 0.652876 -0.601176
v 2.855742 2.472924 -1.218874
v 2.467916 2.996216 -1.691318
v 2.467916 3.563070 -1.124467
v 2.855747 3.090620 -0.601176
v 2.855743 2.472925 1.218874
v 2.855747 3.090620 0.601176
v 2.467916 3.563070 1.124466
v 2.467919 2.996215 1.691316
v -2.467916 0.180429 -1.124467
v -2.855747 0.652876 -0.601176
v -2.855747 1.270574 -1.218876
v -2.467916 0.747284 -1.691318
v -2.467919 0.180431 1.124466
v -2.467916 0.747280 1.691317
v -2.855747 1.270572 1.218874
v -2.855747 0.652876 0.601176
v -2.855742 2.472924 1.218874
v -2.467916 2.996216 1.691318
v -2.467916 3.563070 1.124467
v -2.855747 3.090620 0.601176
v -2.855747 2.472925 -1.218876
v -2.855747 3.090620 -0.601176
v -2.467916 3.563065 -1.124466
v -2.467919 2.996215 -1.691316
v -0.000000 1.239376 3.066041
v 0.000000 0.079872 2.638894
v 0.632372 1.871748 3.066052
v 1.791878 1.871748 2.638887
v 0.000000 2.504123 3.066041
v 0.000000 3.663628 2.638887
v -0.632373 1.871748 3.066041
v -1.791878 1.871748 2.638887
v -0.000000 4.937792 0.632372
v -0.000000 4.510631 1.791876
v 0.632372 4.937796 0.000000
v 1.791878 4.510631 0.000000
v 0.000000 4.937792 -0.632372
v 0.000000 4.510631 -1.791878
v -0.632372 4.937792 -0.000000
v -1.791877 4.510633 -0.000000
v -0.000000 2.504121 -3.066041
v -0.000000 3.663628 -2.638894
v 0.632372 1.871748 -3.066052
v 1.791878 1.871749 -2.638894
v 0.000000 1.239375 -3.066041
v 0.000000 0.079871 -2.638894
v -0.632372 1.871748 -3.066041
v -1.791877 1.871748 -2.638887
v -0.000000 -1.194299 -0.632372
v -0.000000 -0.767138 -1.791876
v 0.632372 -1.194302 -0.000000
v 1.791878 -0.767138 -0.000000
v 0.000000 -1.194299 0.632372
v 0.000000 -0.767138 1.791876
v -0.632372 -1.194299 0.000000
v -1.791877 -0.767135 0.000000
v 3.066047 1.239376 0.000000
v 2.638891 0.079868 0.000000
v 3.066052 1.871748 -0.632372
v 2.638894 1.871748 -1.791877
v 3.066047 2.504123 -0.000000
v 2.638891 3.663628 -0.000000
v 3.066041 1.871748 0.632373
v 2.638887 1.871748 1.791876
v -3.066041 1.239376 0.000000
v -2.638894 0.079868 -0.000000
v -3.066052 1.871748 0.632372
v -2.638894 1.871748 1.791877
v -3.066047 2.504123 0.000000
v -2.638891 3.663628 0.000000
v -3.066041 1.871748 -0.632372
v -2.638887 1.871749 -1.791878
v -0.568993 -0.357056 2.228806
v -1.552333 -0.115919 1.987666
v 0.568992 -0.357056 2.228807
v 1.552332 -0.115919 1.987665
v 2.228806 1.302756 2.228808
v 1.987666 0.319416 1.987665
v 2.228807 2.440741 2.228807
v 1.987665 3.424077 1.987667
v 0.568992 4.100554 2.228806
v 1.552332 3.859417 1.987667
v -0.568992 4.100555 2.228807
v -1.552335 3.859416 1.987667
v -2.228807 2.440741 2.228807
v -1.987665 3.424084 1.987667
v -2.228808 1.302756 2.228806
v -1.987666 0.319416 1.987666
v 2.228807 4.100555 0.568992
v 1.987666 3.859416 1.552332
v 2.228807 4.100555 -0.568992
v 1.987666 3.859416 -1.552332
v 0.568992 4.100558 -2.228808
v 1.552332 3.859416 -1.987666
v -0.568992 4.100558 -2.228808
v -1.552335 3.859416 -1.987667
v -2.228807 4.100558 -0.568992
v -1.987667 3.859416 -1.552332
v -2.228806 4.100555 0.568993
v -1.987665 3.859417 1.552333
v 2.228807 2.440741 -2.228807
v 1.987666 3.424083 -1.987665
v 2.228808 1.302756 -2.228806
v 1.987666 0.319416 -1.987666
v 0.568992 -0.357061 -2.228806
v 1.552332 -0.115920 -1.987667
v -0.568992 -0.357061 -2.228806
v -1.552335 -0.115918 -1.987667
v -2.228807 1.302756 -2.228807
v -1.987666 0.319413 -1.987666
v -2.228806 2.440741 -2.228806
v -1.987665 3.424083 -1.987666
v 2.228807 -0.357056 -0.568992
v 1.987666 -0.115920 -1.552332
v 2.228807 -0.357056 0.568992
v 1.987665 -0.115918 1.552335
v -2.228807 -0.357058 0.568993
v -1.987666 -0.115919 1.552333
v -2.228806 -0.357058 -0.568993
v -1.987665 -0.115919 -1.552332
v -1.756065 0.115680 2.037410
v -1.349339 0.006463 2.231667
v -1.406112 0.465642 2.499934
v -1.865286 0.522408 2.231666
v -0.846425 -0.097939 2.375873
v -0.288279 -0.159922 2.455045
v -0.296722 0.355092 2.773401
v -0.874666 0.398712 2.679990
v -0.910568 0.961180 2.883505
v -0.307981 0.935571 2.986202
v -0.316423 1.555325 3.092872
v -0.936178 1.563768 2.986199
v -1.969687 1.025323 2.375871
v -1.473037 0.997082 2.679991
v -1.516656 1.575026 2.773408
v -2.031674 1.583469 2.455045
v 0.288279 -0.159922 2.455045
v 0.846425 -0.097939 2.375871
v 0.874666 0.398712 2.679990
v 0.296722 0.355092 2.773408
v 1.349339 0.006461 2.231666
v 1.756064 0.115682 2.037410
v 1.865286 0.522408 2.231667
v 1.406112 0.465641 2.499936
v 1.473037 0.997081 2.679991
v 1.969690 1.025324 2.375873
v 2.031674 1.583469 2.455045
v 1.516656 1.575026 2.773403
v 0.307980 0.935571 2.986196
v 0.910568 0.961180 2.883505
v 0.936179 1.563768 2.986196
v 0.316424 1.555325 3.092872
v 0.316424 2.188172 3.092864
v 0.936178 2.179728 2.986196
v 0.910568 2.782316 2.883501
v 0.307980 2.807927 2.986199
v 1.516658 2.168471 2.773408
v 2.031674 2.160028 2.455045
v 1.969690 2.718174 2.375871
v 1.473037 2.746415 2.679990
v 1.406112 3.277861 2.499934
v 1.865287 3.221089 2.231667
v 1.756064 3.627814 2.037410
v 1.349339 3.737033 2.231666
v 0.296722 3.388404 2.773408
v 0.874666 3.344781 2.679995
v 0.846425 3.841437 2.375871
v 0.288279 3.903420 2.455045
v -2.031674 2.160027 2.455045
v -1.516654 2.168471 2.773408
v -1.473037 2.746414 2.679990
v -1.969691 2.718174 2.375873
v -0.936177 2.179728 2.986196
v -0.316424 2.188172 3.092872
v -0.307980 2.807927 2.986196
v -0.910568 2.782316 2.883505
v -0.874667 3.344781 2.679995
v -0.296722 3.388404 2.773408
v -0.288279 3.903420 2.455045
v -0.846425 3.841438 2.375873
v -1.865287 3.221089 2.231668
v -1.406111 3.277861 2.499936
v -1.349339 3.737033 2.231666
v -1.756064 3.627817 2.037410
v -1.756066 3.909159 1.756066
v -1.349339 4.103414 1.865287
v -1.406112 4.371685 1.406111
v -1.865286 4.103415 1.349339
v -0.846425 4.247625 1.969687
v -0.288279 4.326796 2.031674
v -0.296722 4.645148 1.516654
v -0.874666 4.551745 1.473037
v -0.910568 4.755250 0.910567
v -0.307981 4.857940 0.936178
v -0.316423 4.964614 0.316423
v -0.936178 4.857940 0.307980
v -1.969687 4.247622 0.846425
v -1.473037 4.551745 0.874666
v -1.516656 4.645148 0.296722
v -2.031674 4.326796 0.288279
v 0.288279 4.326798 2.031676
v 0.846426 4.247622 1.969690
v 0.874666 4.551745 1.473037
v 0.296722 4.645148 1.516656
v 1.349339 4.103415 1.865286
v 1.756064 3.909159 1.756064
v 1.865287 4.103414 1.349339
v 1.406112 4.371685 1.406108
v 1.473037 4.551745 0.874666
v 1.969687 4.247622 0.846425
v 2.031674 4.326796 0.288279
v 1.516658 4.645154 0.296722
v 0.307980 4.857944 0.936178
v 0.910567 4.755250 0.910568
v 0.936179 4.857940 0.307980
v 0.316424 4.964618 0.316424
v 0.316424 4.964618 -0.316423
v 0.936178 4.857940 -0.307980
v 0.910568 4.755250 -0.910567
v 0.307980 4.857944 -0.936179
v 1.516658 4.645148 -0.296722
v 2.031674 4.326796 -0.288279
v 1.969690 4.247622 -0.846425
v 1.473037 4.551737 -0.874666
v 1.406111 4.371678 -1.406111
v 1.865287 4.103414 -1.349339
v 1.756064 3.909159 -1.756066
v 1.349339 4.103415 -1.865287
v 0.296722 4.645154 -1.516658
v 0.874666 4.551740 -1.473037
v 0.846425 4.247622 -1.969687
v 0.288279 4.326796 -2.031674
v -2.031674 4.326796 -0.288279
v -1.516654 4.645148 -0.296722
v -1.473037 4.551745 -0.874666
v -1.969687 4.247625 -0.846426
v -0.936177 4.857940 -0.307981
v -0.316424 4.964618 -0.316424
v -0.307980 4.857940 -0.936179
v -0.910568 4.755254 -0.910568
v -0.874667 4.551745 -1.473037
v -0.296722 4.645148 -1.516654
v -0.288279 4.326796 -2.031674
v -0.846425 4.247625 -1.969690
v -1.865287 4.103413 -1.349339
v -1.406111 4.371685 -1.406108
v -1.349339 4.103415 -1.865286
v -1.756064 3.909159 -1.756066
v -1.756066 3.627814 -2.037407
v -1.349339 3.737033 -2.231667
v -1.406112 3.277861 -2.499938
v -1.865286 3.221089 -2.231666
v -0.846425 3.841437 -2.375871
v -0.288279 3.903420 -2.455045
v -0.296722 3.388404 -2.773408
v -0.874666 3.344787 -2.679991
v -0.910568 2.782316 -2.883501
v -0.307981 2.807927 -2.986196
v -0.316423 2.188171 -3.092864
v -0.936178 2.179729 -2.986196
v -1.969687 2.718174 -2.375871
v -1.473037 2.746415 -2.679991
v -1.516656 2.168471 -2.773408
v -2.031674 2.160027 -2.455045
v 0.288279 3.903423 -2.455047
v 0.846426 3.841438 -2.375871
v 0.874666 3.344787 -2.679991
v 0.296722 3.388404 -2.773408
v 1.349339 3.737033 -2.231666
v 1.756064 3.627811 -2.037410
v 1.865287 3.221087 -2.231667
v 1.406112 3.277860 -2.499936
v 1.473037 2.746414 -2.679991
v 1.969687 2.718174 -2.375871
v 2.031674 2.160027 -2.455045
v 1.516658 2.168471 -2.773403
v 0.307980 2.807927 -2.986199
v 0.910567 2.782317 -2.883501
v 0.936179 2.179729 -2.986196
v 0.316424 2.188172 -3.092872
v 0.316424 1.555325 -3.092872
v 0.936178 1.563768 -2.986196
v 0.910568 0.961181 -2.883501
v 0.307980 0.935571 -2.986199
v 1.516658 1.575026 -2.773408
v 2.031674 1.583469 -2.455045
v 1.969690 1.025323 -2.375873
v 1.473037 0.997082 -2.679990
v 1.406111 0.465638 -2.499934
v 1.865287 0.522408 -2.231667
v 1.756064 0.115680 -2.037410
v 1.349339 0.006463 -2.231666
v 0.296722 0.355093 -2.773403
v 0.874666 0.398712 -2.679995
v 0.846425 -0.097939 -2.375871
v 0.288279 -0.159922 -2.455045
v -2.031674 1.583469 -2.455045
v -1.516654 1.575026 -2.773408
v -1.473037 0.997083 -2.679991
v -1.969687 1.025323 -2.375873
v -0.936177 1.563769 -2.986196
v -0.316424 1.555325 -3.092872
v -0.307980 0.935571 -2.986196
v -0.910568 0.961180 -2.883505
v -0.874667 0.398711 -2.679991
v -0.296722 0.355090 -2.773408
v -0.288279 -0.159922 -2.455045
v -0.846425 -0.097942 -2.375873
v -1.865287 0.522408 -2.231668
v -1.406111 0.465639 -2.499936
v -1.349339 0.006461 -2.231666
v -1.756064 0.115680 -2.037410
v -1.756066 -0.165663 -1.756066
v -1.349339 -0.359920 -1.865287
v -1.406112 -0.628184 -1.406112
v -1.865286 -0.359916 -1.349339
v -0.846425 -0.504122 -1.969687
v -0.288279 -0.583296 -2.031674
v -0.296722 -0.901652 -1.516654
v -0.874666 -0.808248 -1.473037
v -0.910568 -1.011758 -0.910567
v -0.307981 -1.114446 -0.936178
v -0.316423 -1.221121 -0.316423
v -0.936178 -1.114446 -0.307980
v -1.969687 -0.504122 -0.846426
v -1.473037 -0.808248 -0.874666
v -1.516656 -0.901652 -0.296722
v -2.031674 -0.583296 -0.288279
v 0.288279 -0.583300 -2.031676
v 0.846426 -0.504122 -1.969690
v 0.874666 -0.808248 -1.473037
v 0.296722 -0.901652 -1.516656
v 1.349339 -0.359916 -1.865286
v 1.756064 -0.165659 -1.756064
v 1.865287 -0.359920 -1.349339
v 1.406112 -0.628184 -1.406108
v 1.473037 -0.808248 -0.874666
v 1.969687 -0.504122 -0.846425
v 2.031674 -0.583296 -0.288279
v 1.516658 -0.901659 -0.296722
v 0.307980 -1.114450 -0.936178
v 0.910567 -1.011758 -0.910568
v 0.936179 -1.114446 -0.307980
v 0.316424 -1.221121 -0.316424
v 0.316424 -1.221121 0.316423
v 0.936178 -1.114446 0.307980
v 0.910568 -1.011758 0.910567
v 0.307980 -1.114450 0.936179
v 1.516658 -0.901652 0.296722
v 2.031674 -0.583296 0.288279
v 1.969690 -0.504122 0.846425
v 1.473037 -0.808241 0.874666
v 1.406111 -0.628191 1.406111
v 1.865287 -0.359920 1.349339
v 1.756064 -0.165659 1.756066
v 1.349339 -0.359916 1.865287
v 0.296722 -0.901659 1.516658
v 0.874666 -0.808244 1.473037
v 0.846425 -0.504122 1.969687
v 0.288279 -0.583298 2.031674
v -2.031674 -0.583296 0.288279
v -1.516654 -0.901652 0.296722
v -1.473037 -0.808248 0.874666
v -1.969687 -0.504120 0.846426
v -0.936177 -1.114446 0.307981
v -0.316424 -1.221121 0.316424
v -0.307980 -1.114446 0.936179
v -0.910568 -1.011754 0.910568
v -0.874667 -0.808248 1.473037
v -0.296722 -0.901652 1.516654
v -0.288279 -0.583296 2.031674
v -0.846426 -0.504120 1.969690
v -1.865287 -0.359917 1.349339
v -1.406111 -0.628184 1.406108
v -1.349339 -0.359916 1.865286
v -1.756064 -0.165659 1.756066
v 2.037408 0.115680 1.756066
v 2.231667 0.006463 1.349339
v 2.499936 0.465642 1.406111
v 2.231666 0.522408 1.865286
v 2.375871 -0.097939 0.846425
v 2.455045 -0.159922 0.288279
v 2.773408 0.355090 0.296722
v 2.679991 0.398711 0.874666
v 2.883501 0.961181 0.910567
v 2.986202 0.935570 0.307980
v 3.092864 1.555326 0.316423
v 2.986196 1.563768 0.936177
v 2.375873 1.025324 1.969687
v 2.679991 0.997082 1.473037
v 2.773403 1.575026 1.516654
v 2.455045 1.583470 2.031674
v 2.455047 -0.159929 -0.288279
v 2.375871 -0.097942 -0.846425
v 2.679991 0.398712 -0.874666
v 2.773408 0.355092 -0.296722
v 2.231667 0.006463 -1.349339
v 2.037410 0.115682 -1.756064
v 2.231667 0.522407 -1.865287
v 2.499936 0.465640 -1.406112
v 2.679990 0.997082 -1.473037
v 2.375871 1.025324 -1.969687
v 2.455045 1.583469 -2.031674
v 2.773403 1.575026 -1.516658
v 2.986199 0.935571 -0.307981
v 2.883501 0.961181 -0.910567
v 2.986196 1.563768 -0.936179
v 3.092872 1.555325 -0.316424
v 3.092872 2.188172 -0.316424
v 2.986196 2.179728 -0.936178
v 2.883501 2.782316 -0.910567
v 2.986199 2.807927 -0.307980
v 2.773408 2.168471 -1.516658
v 2.455045 2.160028 -2.031674
v 2.375871 2.718174 -1.969690
v 2.679990 2.746414 -1.473037
v 2.499934 3.277858 -1.406111
v 2.231667 3.221089 -1.865287
v 2.037410 3.627814 -1.756064
v 2.231666 3.737033 -1.349339
v 2.773403 3.388404 -0.296722
v 2.679995 3.344785 -0.874666
v 2.375871 3.841437 -0.846425
v 2.455047 3.903420 -0.288279
v 2.455045 2.160028 2.031674
v 2.773408 2.168471 1.516654
v 2.679991 2.746414 1.473037
v 2.375871 2.718173 1.969687
v 2.986196 2.179728 0.936177
v 3.092872 2.188172 0.316424
v 2.986196 2.807927 0.307980
v 2.883501 2.782316 0.910568
v 2.679990 3.344781 0.874667
v 2.773408 3.388406 0.296722
v 2.455045 3.903420 0.288278
v 2.375871 3.841438 0.846426
v 2.231667 3.221089 1.865287
v 2.499936 3.277861 1.406108
v 2.231666 3.737033 1.349339
v 2.037410 3.627817 1.756064
v -2.037410 0.115682 -1.756064
v -2.231667 0.006463 -1.349339
v -2.499934 0.465642 -1.406112
v -2.231666 0.522407 -1.865286
v -2.375871 -0.097939 -0.846425
v -2.455045 -0.159922 -0.288279
v -2.773408 0.355090 -0.296722
v -2.679991 0.398711 -0.874666
v -2.883501 0.961180 -0.910568
v -2.986202 0.935570 -0.307980
v -3.092864 1.555326 -0.316423
v -2.986196 1.563768 -0.936178
v -2.375873 1.025322 -1.969690
v -2.679991 0.997082 -1.473036
v -2.773408 1.575026 -1.516654
v -2.455045 1.583470 -2.031674
v -2.455045 -0.159922 0.288279
v -2.375871 -0.097942 0.846425
v -2.679991 0.398712 0.874666
v -2.773408 0.355092 0.296722
v -2.231667 0.006463 1.349339
v -2.037410 0.115682 1.756064
v -2.231667 0.522407 1.865287
v -2.499936 0.465640 1.406112
v -2.679991 0.997082 1.473037
v -2.375871 1.025324 1.969687
v -2.455045 1.583469 2.031674
v -2.773403 1.575026 1.516658
v -2.986199 0.935571 0.307980
v -2.883501 0.961181 0.910567
v -2.986196 1.563768 0.936179
v -3.092872 1.555325 0.316424
v -3.092872 2.188171 0.316424
v -2.986196 2.179728 0.936178
v -2.883501 2.782316 0.910567
v -2.986199 2.807927 0.307980
v -2.773408 2.168471 1.516658
v -2.455045 2.160028 2.031674
v -2.375871 2.718174 1.969690
v -2.679990 2.746415 1.473037
v -2.499934 3.277861 1.406111
v -2.231667 3.221089 1.865287
v -2.037410 3.627814 1.756064
v -2.231666 3.737033 1.349339
v -2.773408 3.388404 0.296722
v -2.679995 3.344781 0.874666
v -2.375871 3.841437 0.846425
v -2.455047 3.903420 0.288279
v -2.455045 2.160028 -2.031674
v -2.773408 2.168470 -1.516654
v -2.679990 2.746414 -1.473037
v -2.375871 2.718174 -1.969687
v -2.986196 2.179728 -0.936177
v -3.092872 2.188172 -0.316424
v -2.986196 2.807927 -0.307980
v -2.883501 2.782316 -0.910568
v -2.679991 3.344784 -0.874667
v -2.773408 3.388406 -0.296722
v -2.455045 3.903420 -0.288278
v -2.375871 3.841438 -0.846426
v -2.231667 3.221091 -1.865287
v -2.499936 3.277861 -1.406108
v -2.231666 3.737033 -1.349339
v -2.037410 3.627811 -1.756064
v -1.567545 0.063945 2.139805
v -1.373543 0.225735 2.377450
v -1.646015 0.498209 2.377450
v -1.807801 0.304208 2.139805
v -0.571954 -0.135460 2.424471
v -0.291797 0.087766 2.627389
v -0.589569 0.372718 2.737952
v -0.858303 0.140617 2.540596
v -0.612618 0.946131 2.947567
v -0.312905 1.242175 3.052833
v -0.629573 1.558843 3.052833
v -0.925616 1.259131 2.947573
v -1.731133 1.013446 2.540596
v -1.499029 1.282179 2.737955
v -1.783986 1.579952 2.627389
v -2.007212 1.299793 2.424471
v 0.571954 -0.135459 2.424472
v 0.858303 0.140617 2.540596
v 0.589569 0.372718 2.737952
v 0.291797 0.087766 2.627387
v 1.567545 0.063948 2.139803
v 1.807801 0.304208 2.139805
v 1.646015 0.498207 2.377450
v 1.373543 0.225734 2.377448
v 1.731133 1.013446 2.540596
v 2.007212 1.299793 2.424472
v 1.783985 1.579952 2.627389
v 1.499029 1.282179 2.737952
v 0.612617 0.946131 2.947569
v 0.925619 1.259132 2.947569
v 0.629573 1.558842 3.052833
v 0.312905 1.242175 3.052833
v 0.629574 2.184653 3.052833
v 0.925618 2.484365 2.947567
v 0.612618 2.797365 2.947567
v 0.312905 2.501322 3.052833
v 1.783985 2.163546 2.627389
v 2.007212 2.443703 2.424471
v 1.731133 2.730051 2.540604
v 1.499029 2.461318 2.737955
v 1.646015 3.245288 2.377450
v 1.807801 3.439292 2.139803
v 1.567543 3.679547 2.139803
v 1.373541 3.517766 2.377449
v 0.589570 3.370778 2.737955
v 0.858303 3.602879 2.540596
v 0.571954 3.878954 2.424472
v 0.291797 3.655732 2.627389
v -1.783985 2.163546 2.627389
v -1.499029 2.461318 2.737955
v -1.731132 2.730049 2.540604
v -2.007204 2.443703 2.424471
v -0.629573 2.184654 3.052833
v -0.312905 2.501324 3.052833
v -0.612617 2.797365 2.947567
v -0.925616 2.484365 2.947569
v -0.589570 3.370778 2.737955
v -0.291797 3.655735 2.627389
v -0.571956 3.878954 2.424471
v -0.858303 3.602879 2.540596
v -1.646015 3.245288 2.377450
v -1.373543 3.517764 2.377450
v -1.567543 3.679547 2.139803
v -1.807801 3.439293 2.139803
v -1.567545 4.011551 1.807802
v -1.373541 4.249190 1.646014
v -1.646015 4.249195 1.373541
v -1.807802 4.011551 1.567545
v -0.571954 4.296218 2.007204
v -0.291798 4.499136 1.783984
v -0.589569 4.609696 1.499031
v -0.858303 4.412346 1.731133
v -0.612618 4.819318 0.925616
v -0.312906 4.924578 0.629573
v -0.629573 4.924587 0.312905
v -0.925617 4.819315 0.612618
v -1.731133 4.412346 0.858303
v -1.499029 4.609697 0.589569
v -1.783985 4.499137 0.291797
v -2.007204 4.296226 0.571954
v 0.571956 4.296226 2.007212
v 0.858303 4.412351 1.731133
v 0.589570 4.609697 1.499031
v 0.291797 4.499137 1.783984
v 1.567545 4.011551 1.807801
v 1.807802 4.011554 1.567545
v 1.646015 4.249195 1.373543
v 1.373543 4.249193 1.646015
v 1.731133 4.412351 0.858303
v 2.007212 4.296226 0.571954
v 1.783984 4.499136 0.291796
v 1.499029 4.609697 0.589570
v 0.612617 4.819319 0.925619
v 0.925619 4.819319 0.612617
v 0.629573 4.924578 0.312906
v 0.312905 4.924587 0.629573
v 0.629574 4.924578 -0.312905
v 0.925619 4.819317 -0.612617
v 0.612617 4.819317 -0.925616
v 0.312905 4.924578 -0.629575
v 1.783985 4.499137 -0.291797
v 2.007212 4.296226 -0.571954
v 1.731133 4.412346 -0.858303
v 1.499029 4.609697 -0.589570
v 1.646015 4.249195 -1.373543
v 1.807801 4.011551 -1.567545
v 1.567543 4.011551 -1.807801
v 1.373541 4.249195 -1.646015
v 0.589570 4.609697 -1.499031
v 0.858303 4.412351 -1.731133
v 0.571954 4.296218 -2.007212
v 0.291797 4.499137 -1.783986
v -1.783985 4.499136 -0.291797
v -1.499029 4.609697 -0.589568
v -1.731132 4.412346 -0.858303
v -2.007204 4.296218 -0.571955
v -0.629573 4.924578 -0.312906
v -0.312905 4.924578 -0.629573
v -0.612617 4.819315 -0.925617
v -0.925616 4.819317 -0.612617
v -0.589570 4.609697 -1.499029
v -0.291797 4.499137 -1.783986
v -0.571956 4.296226 -2.007212
v -0.858303 4.412351 -1.731133
v -1.646015 4.249195 -1.373543
v -1.373543 4.249195 -1.646015
v -1.567543 4.011551 -1.807801
v -1.807801 4.011551 -1.567543
v -1.567545 3.679552 -2.139803
v -1.373543 3.517764 -2.377449
v -1.646015 3.245287 -2.377449
v -1.807802 3.439292 -2.139803
v -0.571954 3.878953 -2.424472
v -0.291798 3.655735 -2.627389
v -0.589569 3.370778 -2.737952
v -0.858303 3.602881 -2.540604
v -0.612618 2.797364 -2.947573
v -0.312906 2.501322 -3.052833
v -0.629573 2.184653 -3.052833
v -0.925617 2.484365 -2.947567
v -1.731133 2.730052 -2.540604
v -1.499029 2.461318 -2.737955
v -1.783985 2.163546 -2.627389
v -2.007204 2.443703 -2.424471
v 0.571954 3.878954 -2.424471
v 0.858303 3.602881 -2.540596
v 0.589569 3.370778 -2.737952
v 0.291797 3.655732 -2.627389
v 1.567545 3.679547 -2.139803
v 1.807802 3.439292 -2.139805
v 1.646015 3.245288 -2.377450
v 1.373543 3.517764 -2.377448
v 1.731133 2.730052 -2.540596
v 2.007212 2.443703 -2.424471
v 1.783984 2.163545 -2.627389
v 1.499029 2.461317 -2.737955
v 0.612617 2.797365 -2.947569
v 0.925619 2.484366 -2.947569
v 0.629573 2.184654 -3.052833
v 0.312905 2.501323 -3.052833
v 0.629574 1.558843 -3.052833
v 0.925619 1.259131 -2.947573
v 0.612617 0.946131 -2.947573
v 0.312905 1.242175 -3.052833
v 1.783986 1.579952 -2.627389
v 2.007212 1.299793 -2.424471
v 1.731133 1.013446 -2.540596
v 1.499029 1.282179 -2.737955
v 1.646015 0.498205 -2.377450
v 1.807801 0.304208 -2.139803
v 1.567543 0.063948 -2.139803
v 1.373543 0.225735 -2.377449
v 0.589570 0.372717 -2.737955
v 0.858303 0.140618 -2.540596
v 0.571954 -0.135460 -2.424472
v 0.291797 0.087764 -2.627389
v -1.783985 1.579952 -2.627389
v -1.499029 1.282180 -2.737955
v -1.731132 1.013447 -2.540604
v -2.007212 1.299793 -2.424471
v -0.629573 1.558842 -3.052833
v -0.312905 1.242175 -3.052833
v -0.612617 0.946132 -2.947567
v -0.925616 1.259131 -2.947573
v -0.589570 0.372719 -2.737955
v -0.291797 0.087764 -2.627389
v -0.571956 -0.135460 -2.424471
v -0.858303 0.140618 -2.540596
v -1.646015 0.498205 -2.377450
v -1.373543 0.225735 -2.377450
v -1.567543 0.063948 -2.139803
v -1.807801 0.304203 -2.139803
v -1.567545 -0.268053 -1.807802
v -1.373543 -0.505694 -1.646015
v -1.646015 -0.505694 -1.373541
v -1.807802 -0.268053 -1.567545
v -0.571954 -0.552724 -2.007204
v -0.291798 -0.755639 -1.783984
v -0.589569 -0.866198 -1.499031
v -0.858303 -0.668850 -1.731133
v -0.612618 -1.075829 -0.925616
v -0.312906 -1.181075 -0.629573
v -0.629573 -1.181081 -0.312905
v -0.925617 -1.075818 -0.612618
v -1.731133 -0.668850 -0.858303
v -1.499029 -0.866208 -0.589569
v -1.783985 -0.755637 -0.291797
v -2.007204 -0.552721 -0.571954
v 0.571954 -0.552721 -2.007212
v 0.858303 -0.668847 -1.731133
v 0.589569 -0.866198 -1.499031
v 0.291797 -0.755637 -1.783986
v 1.567545 -0.268053 -1.807801
v 1.807802 -0.268054 -1.567545
v 1.646015 -0.505700 -1.373543
v 1.373543 -0.505701 -1.646015
v 1.731133 -0.668847 -0.858303
v 2.007212 -0.552721 -0.571954
v 1.783984 -0.755639 -0.291796
v 1.499029 -0.866208 -0.589570
v 0.612617 -1.075825 -0.925619
v 0.925619 -1.075825 -0.612617
v 0.629573 -1.181075 -0.312906
v 0.312905 -1.181081 -0.629573
v 0.629574 -1.181075 0.312905
v 0.925619 -1.075821 0.612617
v 0.612617 -1.075821 0.925616
v 0.312905 -1.181075 0.629575
v 1.783985 -0.755637 0.291797
v 2.007212 -0.552721 0.571954
v 1.731133 -0.668850 0.858303
v 1.499029 -0.866208 0.589570
v 1.646015 -0.505700 1.373543
v 1.807801 -0.268053 1.567545
v 1.567543 -0.268053 1.807801
v 1.373541 -0.505694 1.646015
v 0.589570 -0.866208 1.499031
v 0.858303 -0.668847 1.731133
v 0.571954 -0.552724 2.007212
v 0.291797 -0.755637 1.783986
v -1.783985 -0.755639 0.291797
v -1.499029 -0.866208 0.589568
v -1.731132 -0.668850 0.858303
v -2.007204 -0.552724 0.571955
v -0.629573 -1.181075 0.312906
v -0.312905 -1.181075 0.629573
v -0.612617 -1.075818 0.925617
v -0.925616 -1.075821 0.612617
v -0.589570 -0.866208 1.499029
v -0.291797 -0.755637 1.783986
v -0.571956 -0.552721 2.007212
v -0.858303 -0.668847 1.731127
v -1.646015 -0.505700 1.373543
v -1.373543 -0.505700 1.646015
v -1.567543 -0.268053 1.807801
v -1.807801 -0.268053 1.567543
v 2.139805 0.063945 1.567545
v 2.377449 0.225735 1.373543
v 2.377449 0.498207 1.646013
v 2.139803 0.304208 1.807802
v 2.424472 -0.135458 0.571954
v 2.627387 0.087766 0.291798
v 2.737952 0.372717 0.589569
v 2.540596 0.140617 0.858303
v 2.947567 0.946132 0.612617
v 3.052833 1.242175 0.312905
v 3.052833 1.558843 0.629574
v 2.947567 1.259132 0.925616
v 2.540596 1.013446 1.731133
v 2.737948 1.282180 1.499032
v 2.627389 1.579952 1.783986
v 2.424472 1.299794 2.007204
v 2.424471 -0.135460 -0.571956
v 2.540596 0.140617 -0.858303
v 2.737955 0.372717 -0.589570
v 2.627389 0.087766 -0.291797
v 2.139803 0.063948 -1.567545
v 2.139805 0.304208 -1.807802
v 2.377449 0.498205 -1.646015
v 2.377448 0.225735 -1.373541
v 2.540596 1.013446 -1.731133
v 2.424471 1.299793 -2.007212
v 2.627389 1.579951 -1.783984
v 2.737955 1.282178 -1.499029
v 2.947567 0.946131 -0.612617
v 2.947567 1.259132 -0.925619
v 3.052833 1.558842 -0.629574
v 3.052833 1.242175 -0.312905
v 3.052833 2.184653 -0.629573
v 2.947567 2.484366 -0.925619
v 2.947567 2.797365 -0.612616
v 3.052833 2.501322 -0.312905
v 2.627389 2.163546 -1.783986
v 2.424471 2.443703 -2.007207
v 2.540596 2.730052 -1.731133
v 2.737955 2.461318 -1.499029
v 2.377450 3.245288 -1.646015
v 2.139803 3.439292 -1.807801
v 2.139803 3.679547 -1.567543
v 2.377449 3.517764 -1.373543
v 2.737955 3.370778 -0.589570
v 2.540596 3.602879 -0.858303
v 2.424472 3.878954 -0.571954
v 2.627389 3.655735 -0.291797
v 2.627389 2.163545 1.783986
v 2.737948 2.461317 1.499031
v 2.540596 2.730049 1.731131
v 2.424472 2.443703 2.007204
v 3.052833 2.184654 0.629573
v 3.052833 2.501324 0.312905
v 2.947567 2.797365 0.612617
v 2.947569 2.484365 0.925616
v 2.737955 3.370778 0.589570
v 2.627389 3.655732 0.291796
v 2.424472 3.878953 0.571956
v 2.540596 3.602879 0.858303
v 2.377449 3.245288 1.646014
v 2.377450 3.517764 1.373543
v 2.139803 3.679547 1.567543
v 2.139803 3.439293 1.807801
v -2.139805 0.063945 -1.567545
v -2.377450 0.225734 -1.373543
v -2.377448 0.498207 -1.646015
v -2.139803 0.304208 -1.807801
v -2.424472 -0.135458 -0.571956
v -2.627389 0.087766 -0.291798
v -2.737952 0.372717 -0.589569
v -2.540604 0.140617 -0.858303
v -2.947567 0.946132 -0.612617
v -3.052833 1.242175 -0.312906
v -3.052833 1.558843 -0.629574
v -2.947567 1.259132 -0.925616
v -2.540596 1.013446 -1.731133
v -2.737955 1.282180 -1.499032
v -2.627389 1.579952 -1.783986
v -2.424471 1.299793 -2.007204
v -2.424471 -0.135459 0.571954
v -2.540596 0.140617 0.858303
v -2.737955 0.372718 0.589569
v -2.627387 0.087766 0.291796
v -2.139803 0.063948 1.567545
v -2.139805 0.304208 1.807802
v -2.377450 0.498205 1.646015
v -2.377448 0.225735 1.373543
v -2.540596 1.013446 1.731133
v -2.424471 1.299793 2.007212
v -2.627389 1.579951 1.783984
v -2.737955 1.282178 1.499029
v -2.947569 0.946131 0.612617
v -2.947569 1.259132 0.925619
v -3.052833 1.558842 0.629573
v -3.052833 1.242175 0.312905
v -3.052833 2.184653 0.629573
v -2.947573 2.484366 0.925618
v -2.947567 2.797365 0.612616
v -3.052833 2.501322 0.312905
v -2.627389 2.163546 1.783985
v -2.424471 2.443703 2.007212
v -2.540604 2.730051 1.731133
v -2.737955 2.461318 1.499029
v -2.377450 3.245288 1.646015
v -2.139803 3.439292 1.807801
v -2.139803 3.679547 1.567543
v -2.377449 3.517766 1.373541
v -2.737955 3.370778 0.589570
v -2.540596 3.602879 0.858303
v -2.424472 3.878954 0.571955
v -2.627389 3.655735 0.291798
v -2.627389 2.163545 -1.783985
v -2.737955 2.461318 -1.499032
v -2.540604 2.730051 -1.731132
v -2.424471 2.443703 -2.007212
v -3.052833 2.184654 -0.629573
v -3.052833 2.501324 -0.312905
v -2.947567 2.797365 -0.612617
v -2.947573 2.484365 -0.925616
v -2.737955 3.370778 -0.589570
v -2.627389 3.655735 -0.291797
v -2.424472 3.878953 -0.571956
v -2.540596 3.602879 -0.858303
v -2.377449 3.245288 -1.646014
v -2.377450 3.517764 -1.373543
v -2.139803 3.679547 -1.567543
v -2.139803 3.439293 -1.807801
v -1.148138 0.430530 2.600374
v -1.107089 -0.049817 2.311014
v -0.892946 0.673260 2.794236
v -0.302351 0.638783 2.893030
v -1.198491 0.978804 2.794236
v -1.232962 1.569397 2.893031
v -1.441218 0.723611 2.600370
v -1.921568 0.764661 2.311014
v 1.148137 0.430530 2.600370
v 1.107089 -0.049817 2.311014
v 1.441217 0.723609 2.600370
v 1.921568 0.764661 2.311014
v 1.198491 0.978804 2.794236
v 1.232962 1.569397 2.893031
v 0.892946 0.673260 2.794236
v 0.302351 0.638783 2.893031
v 1.198487 2.764695 2.794236
v 1.232962 2.174099 2.893031
v 1.441218 3.019887 2.600370
v 1.921568 2.978835 2.311014
v 1.148137 3.312968 2.600370
v 1.107090 3.793316 2.311014
v 0.892946 3.070237 2.794231
v 0.302351 3.104711 2.893031
v -1.198491 2.764693 2.794236
v -1.232961 2.174099 2.893031
v -0.892946 3.070237 2.794236
v -0.302351 3.104711 2.893031
v -1.148139 3.312963 2.600370
v -1.107089 3.793316 2.311014
v -1.441217 3.019886 2.600374
v -1.921566 2.978835 2.311018
v -1.148138 4.472118 1.441218
v -1.107089 4.182759 1.921568
v -0.892946 4.665978 1.198491
v -0.302351 4.764783 1.232964
v -1.198491 4.665978 0.892946
v -1.232962 4.764787 0.302351
v -1.441218 4.472125 1.148138
v -1.921568 4.182764 1.107089
v 1.148138 4.472125 1.441218
v 1.107089 4.182764 1.921568
v 1.441218 4.472118 1.148138
v 1.921568 4.182764 1.107089
v 1.198491 4.665978 0.892946
v 1.232962 4.764783 0.302351
v 0.892946 4.665978 1.198491
v 0.302351 4.764783 1.232962
v 1.198487 4.665978 -0.892946
v 1.232962 4.764783 -0.302351
v 1.441218 4.472118 -1.148137
v 1.921568 4.182764 -1.107089
v 1.148137 4.472118 -1.441217
v 1.107090 4.182764 -1.921568
v 0.892946 4.665980 -1.198491
v 0.302351 4.764783 -1.232962
v -1.198491 4.665978 -0.892946
v -1.232961 4.764783 -0.302351
v -0.892946 4.665978 -1.198491
v -0.302351 4.764783 -1.232962
v -1.148138 4.472118 -1.441218
v -1.107089 4.182764 -1.921568
v -1.441217 4.472125 -1.148138
v -1.921566 4.182759 -1.107090
v -1.148138 3.312963 -2.600370
v -1.107089 3.793316 -2.311018
v -0.892946 3.070237 -2.794236
v -0.302351 3.104710 -2.893031
v -1.198491 2.764693 -2.794236
v -1.232962 2.174099 -2.893030
v -1.441218 3.019886 -2.600374
v -1.921568 2.978835 -2.311014
v 1.148138 3.312963 -2.600374
v 1.107089 3.793316 -2.311014
v 1.441218 3.019886 -2.600370
v 1.921568 2.978835 -2.311014
v 1.198491 2.764693 -2.794236
v 1.232962 2.174099 -2.893031
v 0.892946 3.070237 -2.794236
v 0.302351 3.104711 -2.893031
v 1.198487 0.978802 -2.794236
v 1.232962 1.569398 -2.893031
v 1.441218 0.723610 -2.600370
v 1.921568 0.764661 -2.311014
v 1.148141 0.430530 -2.600374
v 1.107090 -0.049817 -2.311014
v 0.892946 0.673260 -2.794231
v 0.302351 0.638783 -2.893031
v -1.198491 0.978804 -2.794236
v -1.232961 1.569397 -2.893031
v -0.892946 0.673260 -2.794236
v -0.302351 0.638783 -2.893031
v -1.148138 0.430532 -2.600370
v -1.107089 -0.049817 -2.311014
v -1.441217 0.723611 -2.600374
v -1.921566 0.764658 -2.311018
v -1.148138 -0.728622 -1.441218
v -1.107089 -0.439270 -1.921568
v -0.892946 -0.922484 -1.198491
v -0.302351 -1.021281 -1.232964
v -1.198491 -0.922484 -0.892946
v -1.232962 -1.021278 -0.302351
v -1.441218 -0.728622 -1.148138
v -1.921568 -0.439263 -1.107089
v 1.148138 -0.728622 -1.441218
v 1.107089 -0.439263 -1.921568
v 1.441218 -0.728622 -1.148138
v 1.921568 -0.439263 -1.107089
v 1.198491 -0.922484 -0.892946
v 1.232962 -1.021281 -0.302351
v 0.892946 -0.922484 -1.198491
v 0.302351 -1.021281 -1.232962
v 1.198487 -0.922484 0.892946
v 1.232962 -1.021281 0.302351
v 1.441218 -0.728622 1.148137
v 1.921568 -0.439263 1.107089
v 1.148137 -0.728622 1.441217
v 1.107090 -0.439263 1.921568
v 0.892946 -0.922483 1.198491
v 0.302351 -1.021281 1.232962
v -1.198491 -0.922484 0.892946
v -1.232961 -1.021281 0.302351
v -0.892946 -0.922484 1.198491
v -0.302351 -1.021281 1.232962
v -1.148138 -0.728622 1.441218
v -1.107089 -0.439263 1.921568
v -1.441217 -0.728622 1.148138
v -1.921566 -0.439270 1.107090
v 2.600370 0.430532 1.148138
v 2.311014 -0.049817 1.107089
v 2.794236 0.673260 0.892946
v 2.893030 0.638784 0.302352
v 2.794236 0.978801 1.198491
v 2.893031 1.569397 1.232961
v 2.600374 0.723611 1.441218
v 2.311014 0.764661 1.921568
v 2.600374 0.430532 -1.148141
v 2.311014 -0.049817 -1.107089
v 2.600370 0.723611 -1.441218
v 2.311014 0.764661 -1.921568
v 2.794236 0.978804 -1.198491
v 2.893031 1.569397 -1.232962
v 2.794236 0.673260 -0.892946
v 2.893031 0.638783 -0.302351
v 2.794236 2.764695 -1.198487
v 2.893031 2.174099 -1.232962
v 2.600370 3.019887 -1.441218
v 2.311014 2.978835 -1.921568
v 2.600374 3.312968 -1.148141
v 2.311014 3.793316 -1.107090
v 2.794231 3.070237 -0.892946
v 2.893031 3.104711 -0.302351
v 2.794236 2.764693 1.198491
v 2.893031 2.174099 1.232961
v 2.794236 3.070237 0.892946
v 2.893030 3.104711 0.302351
v 2.600370 3.312966 1.148138
v 2.311014 3.793316 1.107089
v 2.600370 3.019886 1.441218
v 2.311014 2.978835 1.921568
v -2.600374 0.430532 -1.148139
v -2.311014 -0.049817 -1.107089
v -2.794236 0.673260 -0.892946
v -2.893030 0.638784 -0.302351
v -2.794236 0.978802 -1.198487
v -2.893033 1.569397 -1.232961
v -2.600370 0.723611 -1.441218
v -2.311014 0.764661 -1.921568
v -2.600374 0.430532 1.148138
v -2.311014 -0.049817 1.107089
v -2.600370 0.723611 1.441218
v -2.311014 0.764661 1.921568
v -2.794236 0.978804 1.198491
v -2.893031 1.569397 1.232962
v -2.794236 0.673260 0.892946
v -2.893031 0.638783 0.302351
v -2.794236 2.764695 1.198487
v -2.893031 2.174099 1.232962
v -2.600370 3.019887 1.441218
v -2.311014 2.978835 1.921568
v -2.600370 3.312968 1.148137
v -2.311014 3.793316 1.107090
v -2.794231 3.070237 0.892946
v -2.893031 3.104711 0.302351
v -2.794236 2.764693 -1.198491
v -2.893031 2.174099 -1.232961
v -2.794236 3.070237 -0.892946
v -2.893030 3.104711 -0.302351
v -2.600370 3.312963 -1.148138
v -2.311014 3.793316 -1.107089
v -2.600370 3.019886 -1.441218
v -2.311014 2.978835 -1.921568
v 0.000000 0.931411 2.999149
v -0.000000 1.553918 3.106235
v 0.000000 0.348369 2.785501
v 0.000000 -0.168893 2.465823
v 0.940338 1.871748 2.999149
v 0.317830 1.871748 3.106235
v 1.523380 1.871749 2.785501
v 2.040644 1.871748 2.465823
v 0.000000 2.812086 2.999149
v 0.000000 2.189580 3.106235
v -0.000000 3.395126 2.785501
v 0.000000 3.912391 2.465823
v -0.940336 1.871748 2.999149
v -0.317831 1.871748 3.106235
v -1.523380 1.871748 2.785502
v -2.040644 1.871748 2.465823
v 0.000000 4.870893 0.940336
v -0.000000 4.977985 0.317831
v 0.000000 4.657258 1.523380
v 0.000000 4.337573 2.040644
v 0.940338 4.870893 0.000000
v 0.317830 4.977985 0.000000
v 1.523380 4.657258 -0.000000
v 2.040644 4.337573 0.000000
v 0.000000 4.870898 -0.940336
v 0.000000 4.977985 -0.317831
v -0.000000 4.657258 -1.523380
v 0.000000 4.337573 -2.040644
v -0.940336 4.870893 -0.000000
v -0.317830 4.977985 -0.000000
v -1.523380 4.657256 0.000000
v -2.040644 4.337573 0.000000
v 0.000000 2.812086 -2.999149
v -0.000000 2.189579 -3.106235
v 0.000000 3.395126 -2.785501
v 0.000000 3.912391 -2.465823
v 0.940338 1.871748 -2.999149
v 0.317830 1.871748 -3.106235
v 1.523380 1.871748 -2.785501
v 2.040644 1.871748 -2.465823
v 0.000000 0.931411 -2.999149
v 0.000000 1.553917 -3.106235
v -0.000000 0.348371 -2.785501
v 0.000000 -0.168893 -2.465823
v -0.940336 1.871748 -2.999149
v -0.317830 1.871748 -3.106235
v -1.523380 1.871748 -2.785502
v -2.040644 1.871748 -2.465823
v 0.000000 -1.127396 -0.940336
v -0.000000 -1.234488 -0.317831
v 0.000000 -0.913754 -1.523380
v 0.000000 -0.594078 -2.040644
v 0.940338 -1.127396 -0.000000
v 0.317830 -1.234488 -0.000000
v 1.523380 -0.913754 0.000000
v 2.040644 -0.594078 -0.000000
v 0.000000 -1.127397 0.940336
v 0.000000 -1.234488 0.317831
v -0.000000 -0.913754 1.523380
v 0.000000 -0.594078 2.040644
v -0.940336 -1.127396 0.000000
v -0.317830 -1.234488 0.000000
v -1.523380 -0.913757 -0.000000
v -2.040644 -0.594078 -0.000000
v 2.999149 0.931411 -0.000000
v 3.106235 1.553918 0.000000
v 2.785501 0.348369 -0.000000
v 2.465823 -0.168893 0.000000
v 2.999149 1.871748 -0.940338
v 3.106235 1.871748 -0.317830
v 2.785501 1.871749 -1.523380
v 2.465823 1.871748 -2.040644
v 2.999149 2.812086 0.000000
v 3.106235 2.189580 -0.000000
v 2.785501 3.395126 0.000000
v 2.465823 3.912391 0.000000
v 2.999149 1.871748 0.940336
v 3.106235 1.871748 0.317831
v 2.785502 1.871748 1.523380
v 2.465823 1.871748 2.040644
v -2.999149 0.931411 0.000000
v -3.106235 1.553918 -0.000000
v -2.785501 0.348369 0.000000
v -2.465823 -0.168893 0.000000
v -2.999149 1.871748 0.940338
v -3.106235 1.871748 0.317830
v -2.785501 1.871749 1.523380
v -2.465823 1.871748 2.040644
v -2.999149 2.812086 0.000000
v -3.106235 2.189580 0.000000
v -2.785501 3.395126 -0.000000
v -2.465823 3.912391 0.000000
v -2.999149 1.871748 -0.940336
v -3.106235 1.871748 -0.317830
v -2.785502 1.871748 -1.523380
v -2.465823 1.871748 -2.040644
v -0.841612 -0.313883 2.185631
v -0.286872 -0.384700 2.256449
v -1.339332 -0.189613 2.061359
v -1.731631 -0.041494 1.913241
v 0.841612 -0.313883 2.185630
v 0.286872 -0.384700 2.256449
v 1.339332 -0.189613 2.061359
v 1.731634 -0.041494 1.913241
v 2.185631 1.030137 2.185631
v 2.256449 1.584877 2.256449
v 2.061359 0.532419 2.061359
v 1.913241 0.140111 1.913241
v 2.185630 2.713358 2.185630
v 2.256449 2.158621 2.256449
v 2.061359 3.211077 2.061359
v 1.913241 3.603383 1.913241
v 0.841612 4.057379 2.185631
v 0.286871 4.128201 2.256449
v 1.339332 3.933108 2.061359
v 1.731631 3.784990 1.913241
v -0.841609 4.057379 2.185630
v -0.286872 4.128201 2.256449
v -1.339332 3.933108 2.061359
v -1.731634 3.784990 1.913241
v -2.185630 2.713359 2.185630
v -2.256449 2.158621 2.256449
v -2.061359 3.211077 2.061359
v -1.913241 3.603383 1.913241
v -2.185631 1.030139 2.185631
v -2.256449 1.584876 2.256449
v -2.061359 0.532419 2.061359
v -1.913241 0.140111 1.913241
v 2.185631 4.057379 0.841609
v 2.256449 4.128201 0.286872
v 2.061359 3.933108 1.339332
v 1.913241 3.784990 1.731634
v 2.185630 4.057378 -0.841610
v 2.256449 4.128201 -0.286871
v 2.061359 3.933108 -1.339332
v 1.913241 3.784990 -1.731631
v 0.841612 4.057379 -2.185631
v 0.286871 4.128201 -2.256453
v 1.339332 3.933108 -2.061359
v 1.731631 3.784989 -1.913241
v -0.841609 4.057379 -2.185631
v -0.286872 4.128201 -2.256449
v -1.339332 3.933108 -2.061359
v -1.731634 3.784990 -1.913241
v -2.185630 4.057377 -0.841610
v -2.256449 4.128201 -0.286872
v -2.061359 3.933108 -1.339332
v -1.913241 3.784989 -1.731631
v -2.185631 4.057378 0.841612
v -2.256449 4.128201 0.286873
v -2.061359 3.933108 1.339332
v -1.913241 3.784990 1.731634
v 2.185630 2.713358 -2.185630
v 2.256449 2.158620 -2.256449
v 2.061359 3.211077 -2.061359
v 1.913241 3.603383 -1.913241
v 2.185631 1.030139 -2.185631
v 2.256449 1.584876 -2.256449
v 2.061359 0.532419 -2.061359
v 1.913241 0.140114 -1.913241
v 0.841612 -0.313883 -2.185631
v 0.286871 -0.384705 -2.256449
v 1.339332 -0.189613 -2.061359
v 1.731631 -0.041494 -1.913241
v -0.841609 -0.313883 -2.185630
v -0.286872 -0.384700 -2.256449
v -1.339332 -0.189613 -2.061359
v -1.731634 -0.041494 -1.913241
v -2.185631 1.030137 -2.185631
v -2.256449 1.584877 -2.256449
v -2.061359 0.532419 -2.061359
v -1.913241 0.140111 -1.913241
v -2.185630 2.713358 -2.185630
v -2.256449 2.158621 -2.256449
v -2.061359 3.211077 -2.061359
v -1.913241 3.603383 -1.913241
v 2.185631 -0.313883 -0.841612
v 2.256449 -0.384700 -0.286872
v 2.061359 -0.189613 -1.339332
v 1.913241 -0.041494 -1.731634
v 2.185630 -0.313881 0.841610
v 2.256449 -0.384700 0.286873
v 2.061359 -0.189613 1.339332
v 1.913241 -0.041494 1.731631
v -2.185630 -0.313884 0.841610
v -2.256449 -0.384700 0.286871
v -2.061359 -0.189613 1.339332
v -1.913241 -0.041489 1.731631
v -2.185631 -0.313879 -0.841609
v -2.256449 -0.384700 -0.286873
v -2.061359 -0.189613 -1.339332
v -1.913241 -0.041494 -1.731634
vt 0.375000 0.000000
vt 0.375000 1.000000
vt 0.625000 0.000000
vt 0.625000 1.000000
vt 0.375000 0.250000
vt 0.625000 0.250000
vt 0.375000 0.500000
vt 0.125000 0.250000
vt 0.625000 0.500000
vt 0.875000 0.250000
vt 0.375000 0.750000
vt 0.125000 0.000000
vt 0.625000 0.750000
vt 0.875000 0.000000
vt 0.500000 0.125000
vt 0.500000 0.375000
vt 0.500000 0.625000
vt 0.500000 0.875000
vt 0.750000 0.125000
vt 0.250000 0.125000
vt 0.500000 0.000000
vt 0.500000 1.000000
vt 0.625000 0.125000
vt 0.500000 0.250000
vt 0.375000 0.125000
vt 0.625000 0.375000
vt 0.750000 0.250000
vt 0.500000 0.500000
vt 0.375000 0.375000
vt 0.250000 0.250000
vt 0.625000 0.625000
vt 0.875000 0.125000
vt 0.500000 0.750000
vt 0.375000 0.625000
vt 0.125000 0.125000
vt 0.625000 0.875000
vt 0.750000 0.000000
vt 0.375000 0.875000
vt 0.250000 0.000000
vt 0.437500 0.062500
vt 0.562500 0.062500
vt 0.562500 0.187500
vt 0.437500 0.187500
vt 0.437500 0.312500
vt 0.562500 0.312500
vt 0.562500 0.437500
vt 0.437500 0.437500
vt 0.437500 0.562500
vt 0.562500 0.562500
vt 0.562500 0.687500
vt 0.437500 0.687500
vt 0.437500 0.812500
vt 0.562500 0.812500
vt 0.562500 0.937500
vt 0.437500 0.937500
vt 0.687500 0.062500
vt 0.812500 0.062500
vt 0.812500 0.187500
vt 0.687500 0.187500
vt 0.187500 0.062500
vt 0.312500 0.062500
vt 0.312500 0.187500
vt 0.187500 0.187500
vt 0.500000 0.062500
vt 0.562500 0.125000
vt 0.500000 0.187500
vt 0.437500 0.125000
vt 0.500000 0.312500
vt 0.562500 0.375000
vt 0.500000 0.437500
vt 0.437500 0.375000
vt 0.500000 0.562500
vt 0.562500 0.625000
vt 0.500000 0.687500
vt 0.437500 0.625000
vt 0.500000 0.812500
vt 0.562500 0.875000
vt 0.500000 0.937500
vt 0.437500 0.875000
vt 0.750000 0.062500
vt 0.812500 0.125000
vt 0.750000 0.187500
vt 0.687500 0.125000
vt 0.250000 0.062500
vt 0.312500 0.125000
vt 0.250000 0.187500
vt 0.187500 0.125000
vt 0.437500 0.000000
vt 0.437500 1.000000
vt 0.562500 0.000000
vt 0.562500 1.000000
vt 0.625000 0.062500
vt 0.625000 0.187500
vt 0.562500 0.250000
vt 0.437500 0.250000
vt 0.375000 0.187500
vt 0.375000 0.062500
vt 0.625000 0.312500
vt 0.687500 0.250000
vt 0.625000 0.437500
vt 0.812500 0.250000
vt 0.562500 0.500000
vt 0.437500 0.500000
vt 0.375000 0.437500
vt 0.187500 0.250000
vt 0.375000 0.312500
vt 0.312500 0.250000
vt 0.625000 0.562500
vt 0.875000 0.187500
vt 0.625000 0.687500
vt 0.875000 0.062500
vt 0.562500 0.750000
vt 0.437500 0.750000
vt 0.375000 0.687500
vt 0.125000 0.062500
vt 0.375000 0.562500
vt 0.125000 0.187500
vt 0.625000 0.812500
vt 0.812500 0.000000
vt 0.625000 0.937500
vt 0.687500 0.000000
vt 0.375000 0.937500
vt 0.312500 0.000000
vt 0.375000 0.812500
vt 0.187500 0.000000
vt 0.406250 0.031250
vt 0.468750 0.031250
vt 0.468750 0.093750
vt 0.406250 0.093750
vt 0.531250 0.031250
vt 0.593750 0.031250
vt 0.593750 0.093750
vt 0.531250 0.093750
vt 0.531250 0.156250
vt 0.593750 0.156250
vt 0.593750 0.218750
vt 0.531250 0.218750
vt 0.406250 0.156250
vt 0.468750 0.156250
vt 0.468750 0.218750
vt 0.406250 0.218750
vt 0.406250 0.281250
vt 0.468750 0.281250
vt 0.468750 0.343750
vt 0.406250 0.343750
vt 0.531250 0.281250
vt 0.593750 0.281250
vt 0.593750 0.343750
vt 0.531250 0.343750
vt 0.531250 0.406250
vt 0.593750 0.406250
vt 0.593750 0.468750
vt 0.531250 0.468750
vt 0.406250 0.406250
vt 0.468750 0.406250
vt 0.468750 0.468750
vt 0.406250 0.468750
vt 0.406250 0.531250
vt 0.468750 0.531250
vt 0.468750 0.593750
vt 0.406250 0.593750
vt 0.531250 0.531250
vt 0.593750 0.531250
vt 0.593750 0.593750
vt 0.531250 0.593750
vt 0.531250 0.656250
vt 0.593750 0.656250
vt 0.593750 0.718750
vt 0.531250 0.718750
vt 0.406250 0.656250
vt 0.468750 0.656250
vt 0.468750 0.718750
vt 0.406250 0.718750
vt 0.406250 0.781250
vt 0.468750 0.781250
vt 0.468750 0.843750
vt 0.406250 0.843750
vt 0.531250 0.781250
vt 0.593750 0.781250
vt 0.593750 0.843750
vt 0.531250 0.843750
vt 0.531250 0.906250
vt 0.593750 0.906250
vt 0.593750 0.968750
vt 0.531250 0.968750
vt 0.406250 0.906250
vt 0.468750 0.906250
vt 0.468750 0.968750
vt 0.406250 0.968750
vt 0.656250 0.031250
vt 0.718750 0.031250
vt 0.718750 0.093750
vt 0.656250 0.093750
vt 0.781250 0.031250
vt 0.843750 0.031250
vt 0.843750 0.093750
vt 0.781250 0.093750
vt 0.781250 0.156250
vt 0.843750 0.156250
vt 0.843750 0.218750
vt 0.781250 0.218750
vt 0.656250 0.156250
vt 0.718750 0.156250
vt 0.718750 0.218750
vt 0.656250 0.218750
vt 0.156250 0.031250
vt 0.218750 0.031250
vt 0.218750 0.093750
vt 0.156250 0.093750
vt 0.281250 0.031250
vt 0.343750 0.031250
vt 0.343750 0.093750
vt 0.281250 0.093750
vt 0.281250 0.156250
vt 0.343750 0.156250
vt 0.343750 0.218750
vt 0.281250 0.218750
vt 0.156250 0.156250
vt 0.218750 0.156250
vt 0.218750 0.218750
vt 0.156250 0.218750
vt 0.437500 0.031250
vt 0.468750 0.062500
vt 0.437500 0.093750
vt 0.406250 0.062500
vt 0.562500 0.031250
vt 0.593750 0.062500
vt 0.562500 0.093750
vt 0.531250 0.062500
vt 0.562500 0.156250
vt 0.593750 0.187500
vt 0.562500 0.218750
vt 0.531250 0.187500
vt 0.437500 0.156250
vt 0.468750 0.187500
vt 0.437500 0.218750
vt 0.406250 0.187500
vt 0.437500 0.281250
vt 0.468750 0.312500
vt 0.437500 0.343750
vt 0.406250 0.312500
vt 0.562500 0.281250
vt 0.593750 0.312500
vt 0.562500 0.343750
vt 0.531250 0.312500
vt 0.562500 0.406250
vt 0.593750 0.437500
vt 0.562500 0.468750
vt 0.531250 0.437500
vt 0.437500 0.406250
vt 0.468750 0.437500
vt 0.437500 0.468750
vt 0.406250 0.437500
vt 0.437500 0.531250
vt 0.468750 0.562500
vt 0.437500 0.593750
vt 0.406250 0.562500
vt 0.562500 0.531250
vt 0.593750 0.562500
vt 0.562500 0.593750
vt 0.531250 0.562500
vt 0.562500 0.656250
vt 0.593750 0.687500
vt 0.562500 0.718750
vt 0.531250 0.687500
vt 0.437500 0.656250
vt 0.468750 0.687500
vt 0.437500 0.718750
vt 0.406250 0.687500
vt 0.437500 0.781250
vt 0.468750 0.812500
vt 0.437500 0.843750
vt 0.406250 0.812500
vt 0.562500 0.781250
vt 0.593750 0.812500
vt 0.562500 0.843750
vt 0.531250 0.812500
vt 0.562500 0.906250
vt 0.593750 0.937500
vt 0.562500 0.968750
vt 0.531250 0.937500
vt 0.437500 0.906250
vt 0.468750 0.937500
vt 0.437500 0.968750
vt 0.406250 0.937500
vt 0.687500 0.031250
vt 0.718750 0.062500
vt 0.687500 0.093750
vt 0.656250 0.062500
vt 0.812500 0.031250
vt 0.843750 0.062500
vt 0.812500 0.093750
vt 0.781250 0.062500
vt 0.812500 0.156250
vt 0.843750 0.187500
vt 0.812500 0.218750
vt 0.781250 0.187500
vt 0.687500 0.156250
vt 0.718750 0.187500
vt 0.687500 0.218750
vt 0.656250 0.187500
vt 0.187500 0.031250
vt 0.218750 0.062500
vt 0.187500 0.093750
vt 0.156250 0.062500
vt 0.312500 0.031250
vt 0.343750 0.062500
vt 0.312500 0.093750
vt 0.281250 0.062500
vt 0.312500 0.156250
vt 0.343750 0.187500
vt 0.312500 0.218750
vt 0.281250 0.187500
vt 0.187500 0.156250
vt 0.218750 0.187500
vt 0.187500 0.218750
vt 0.156250 0.187500
vt 0.500000 0.093750
vt 0.500000 0.031250
vt 0.531250 0.125000
vt 0.593750 0.125000
vt 0.500000 0.156250
vt 0.500000 0.218750
vt 0.468750 0.125000
vt 0.406250 0.125000
vt 0.500000 0.343750
vt 0.500000 0.281250
vt 0.531250 0.375000
vt 0.593750 0.375000
vt 0.500000 0.406250
vt 0.500000 0.468750
vt 0.468750 0.375000
vt 0.406250 0.375000
vt 0.500000 0.593750
vt 0.500000 0.531250
vt 0.531250 0.625000
vt 0.593750 0.625000
vt 0.500000 0.656250
vt 0.500000 0.718750
vt 0.468750 0.625000
vt 0.406250 0.625000
vt 0.500000 0.843750
vt 0.500000 0.781250
vt 0.531250 0.875000
vt 0.593750 0.875000
vt 0.500000 0.906250
vt 0.500000 0.968750
vt 0.468750 0.875000
vt 0.406250 0.875000
vt 0.750000 0.093750
vt 0.750000 0.031250
vt 0.781250 0.125000
vt 0.843750 0.125000
vt 0.750000 0.156250
vt 0.750000 0.218750
vt 0.718750 0.125000
vt 0.656250 0.125000
vt 0.250000 0.093750
vt 0.250000 0.031250
vt 0.281250 0.125000
vt 0.343750 0.125000
vt 0.250000 0.156250
vt 0.250000 0.218750
vt 0.218750 0.125000
vt 0.156250 0.125000
vt 0.468750 0.000000
vt 0.468750 1.000000
vt 0.406250 0.000000
vt 0.406250 1.000000
vt 0.531250 0.000000
vt 0.531250 1.000000
vt 0.593750 0.000000
vt 0.593750 1.000000
vt 0.625000 0.093750
vt 0.625000 0.031250
vt 0.625000 0.156250
vt 0.625000 0.218750
vt 0.531250 0.250000
vt 0.593750 0.250000
vt 0.468750 0.250000
vt 0.406250 0.250000
vt 0.375000 0.156250
vt 0.375000 0.218750
vt 0.375000 0.093750
vt 0.375000 0.031250
vt 0.625000 0.343750
vt 0.718750 0.250000
vt 0.625000 0.281250
vt 0.656250 0.250000
vt 0.625000 0.406250
vt 0.781250 0.250000
vt 0.625000 0.468750
vt 0.843750 0.250000
vt 0.531250 0.500000
vt 0.593750 0.500000
vt 0.468750 0.500000
vt 0.406250 0.500000
vt 0.375000 0.406250
vt 0.218750 0.250000
vt 0.375000 0.468750
vt 0.156250 0.250000
vt 0.375000 0.343750
vt 0.281250 0.250000
vt 0.375000 0.281250
vt 0.343750 0.250000
vt 0.625000 0.593750
vt 0.875000 0.156250
vt 0.625000 0.531250
vt 0.875000 0.218750
vt 0.625000 0.656250
vt 0.875000 0.093750
vt 0.625000 0.718750
vt 0.875000 0.031250
vt 0.531250 0.750000
vt 0.593750 0.750000
vt 0.468750 0.750000
vt 0.406250 0.750000
vt 0.375000 0.656250
vt 0.125000 0.093750
vt 0.375000 0.718750
vt 0.125000 0.031250
vt 0.375000 0.593750
vt 0.125000 0.156250
vt 0.375000 0.531250
vt 0.125000 0.218750
vt 0.625000 0.843750
vt 0.781250 0.000000
vt 0.625000 0.781250
vt 0.843750 0.000000
vt 0.625000 0.906250
vt 0.718750 0.000000
vt 0.625000 0.968750
vt 0.656250 0.000000
vt 0.375000 0.906250
vt 0.281250 0.000000
vt 0.375000 0.968750
vt 0.343750 0.000000
vt 0.375000 0.843750
vt 0.218750 0.000000
vt 0.375000 0.781250
vt 0.156250 0.000000
vt 0.390625 0.015625
vt 0.421875 0.015625
vt 0.421875 0.046875
vt 0.390625 0.046875
vt 0.453125 0.015625
vt 0.484375 0.015625
vt 0.484375 0.046875
vt 0.453125 0.046875
vt 0.453125 0.078125
vt 0.484375 0.078125
vt 0.484375 0.109375
vt 0.453125 0.109375
vt 0.390625 0.078125
vt 0.421875 0.078125
vt 0.421875 0.109375
vt 0.390625 0.109375
vt 0.515625 0.015625
vt 0.546875 0.015625
vt 0.546875 0.046875
vt 0.515625 0.046875
vt 0.578125 0.015625
vt 0.609375 0.015625
vt 0.609375 0.046875
vt 0.578125 0.046875
vt 0.578125 0.078125
vt 0.609375 0.078125
vt 0.609375 0.109375
vt 0.578125 0.109375
vt 0.515625 0.078125
vt 0.546875 0.078125
vt 0.546875 0.109375
vt 0.515625 0.109375
vt 0.515625 0.140625
vt 0.546875 0.140625
vt 0.546875 0.171875
vt 0.515625 0.171875
vt 0.578125 0.140625
vt 0.609375 0.140625
vt 0.609375 0.171875
vt 0.578125 0.171875
vt 0.578125 0.203125
vt 0.609375 0.203125
vt 0.609375 0.234375
vt 0.578125 0.234375
vt 0.515625 0.203125
vt 0.546875 0.203125
vt 0.546875 0.234375
vt 0.515625 0.234375
vt 0.390625 0.140625
vt 0.421875 0.140625
vt 0.421875 0.171875
vt 0.390625 0.171875
vt 0.453125 0.140625
vt 0.484375 0.140625
vt 0.484375 0.171875
vt 0.453125 0.171875
vt 0.453125 0.203125
vt 0.484375 0.203125
vt 0.484375 0.234375
vt 0.453125 0.234375
vt 0.390625 0.203125
vt 0.421875 0.203125
vt 0.421875 0.234375
vt 0.390625 0.234375
vt 0.390625 0.265625
vt 0.421875 0.265625
vt 0.421875 0.296875
vt 0.390625 0.296875
vt 0.453125 0.265625
vt 0.484375 0.265625
vt 0.484375 0.296875
vt 0.453125 0.296875
vt 0.453125 0.328125
vt 0.484375 0.328125
vt 0.484375 0.359375
vt 0.453125 0.359375
vt 0.390625 0.328125
vt 0.421875 0.328125
vt 0.421875 0.359375
vt 0.390625 0.359375
vt 0.515625 0.265625
vt 0.546875 0.265625
vt 0.546875 0.296875
vt 0.515625 0.296875
vt 0.578125 0.265625
vt 0.609375 0.265625
vt 0.609375 0.296875
vt 0.578125 0.296875
vt 0.578125 0.328125
vt 0.609375 0.328125
vt 0.609375 0.359375
vt 0.578125 0.359375
vt 0.515625 0.328125
vt 0.546875 0.328125
vt 0.546875 0.359375
vt 0.515625 0.359375
vt 0.515625 0.390625
vt 0.546875 0.390625
vt 0.546875 0.421875
vt 0.515625 0.421875
vt 0.578125 0.390625
vt 0.609375 0.390625
vt 0.609375 0.421875
vt 0.578125 0.421875
vt 0.578125 0.453125
vt 0.609375 0.453125
vt 0.609375 0.484375
vt 0.578125 0.484375
vt 0.515625 0.453125
vt 0.546875 0.453125
vt 0.546875 0.484375
vt 0.515625 0.484375
vt 0.390625 0.390625
vt 0.421875 0.390625
vt 0.421875 0.421875
vt 0.390625 0.421875
vt 0.453125 0.390625
vt 0.484375 0.390625
vt 0.484375 0.421875
vt 0.453125 0.421875
vt 0.453125 0.453125
vt 0.484375 0.453125
vt 0.484375 0.484375
vt 0.453125 0.484375
vt 0.390625 0.453125
vt 0.421875 0.453125
vt 0.421875 0.484375
vt 0.390625 0.484375
vt 0.390625 0.515625
vt 0.421875 0.515625
vt 0.421875 0.546875
vt 0.390625 0.546875
vt 0.453125 0.515625
vt 0.484375 0.515625
vt 0.484375 0.546875
vt 0.453125 0.546875
vt 0.453125 0.578125
vt 0.484375 0.578125
vt 0.484375 0.609375
vt 0.453125 0.609375
vt 0.390625 0.578125
vt 0.421875 0.578125
vt 0.421875 0.609375
vt 0.390625 0.609375
vt 0.515625 0.515625
vt 0.546875 0.515625
vt 0.546875 0.546875
vt 0.515625 0.546875
vt 0.578125 0.515625
vt 0.609375 0.515625
vt 0.609375 0.546875
vt 0.578125 0.546875
vt 0.578125 0.578125
vt 0.609375 0.578125
vt 0.609375 0.609375
vt 0.578125 0.609375
vt 0.515625 0.578125
vt 0.546875 0.578125
vt 0.546875 0.609375
vt 0.515625 0.609375
vt 0.515625 0.640625
vt 0.546875 0.640625
vt 0.546875 0.671875
vt 0.515625 0.671875
vt 0.578125 0.640625
vt 0.609375 0.640625
vt 0.609375 0.671875
vt 0.578125 0.671875
vt 0.578125 0.703125
vt 0.609375 0.703125
vt 0.609375 0.734375
vt 0.578125 0.734375
vt 0.515625 0.703125
vt 0.546875 0.703125
vt 0.546875 0.734375
vt 0.515625 0.734375
vt 0.390625 0.640625
vt 0.421875 0.640625
vt 0.421875 0.671875
vt 0.390625 0.671875
vt 0.453125 0.640625
vt 0.484375 0.640625
vt 0.484375 0.671875
vt 0.453125 0.671875
vt 0.453125 0.703125
vt 0.484375 0.703125
vt 0.484375 0.734375
vt 0.453125 0.734375
vt 0.390625 0.703125
vt 0.421875 0.703125
vt 0.421875 0.734375
vt 0.390625 0.734375
vt 0.390625 0.765625
vt 0.421875 0.765625
vt 0.421875 0.796875
vt 0.390625 0.796875
vt 0.453125 0.765625
vt 0.484375 0.765625
vt 0.484375 0.796875
vt 0.453125 0.796875
vt 0.453125 0.828125
vt 0.484375 0.828125
vt 0.484375 0.859375
vt 0.453125 0.859375
vt 0.390625 0.828125
vt 0.421875 0.828125
vt 0.421875 0.859375
vt 0.390625 0.859375
vt 0.515625 0.765625
vt 0.546875 0.765625
vt 0.546875 0.796875
vt 0.515625 0.796875
vt 0.578125 0.765625
vt 0.609375 0.765625
vt 0.609375 0.796875
vt 0.578125 0.796875
vt 0.578125 0.828125
vt 0.609375 0.828125
vt 0.609375 0.859375
vt 0.578125 0.859375
vt 0.515625 0.828125
vt 0.546875 0.828125
vt 0.546875 0.859375
vt 0.515625 0.859375
vt 0.515625 0.890625
vt 0.546875 0.890625
vt 0.546875 0.921875
vt 0.515625 0.921875
vt 0.578125 0.890625
vt 0.609375 0.890625
vt 0.609375 0.921875
vt 0.578125 0.921875
vt 0.578125 0.953125
vt 0.609375 0.953125
vt 0.609375 0.984375
vt 0.578125 0.984375
vt 0.515625 0.953125
vt 0.546875 0.953125
vt 0.546875 0.984375
vt 0.515625 0.984375
vt 0.390625 0.890625
vt 0.421875 0.890625
vt 0.421875 0.921875
vt 0.390625 0.921875
vt 0.453125 0.890625
vt 0.484375 0.890625
vt 0.484375 0.921875
vt 0.453125 0.921875
vt 0.453125 0.953125
vt 0.484375 0.953125
vt 0.484375 0.984375
vt 0.453125 0.984375
vt 0.390625 0.953125
vt 0.421875 0.953125
vt 0.421875 0.984375
vt 0.390625 0.984375
vt 0.640625 0.015625
vt 0.671875 0.015625
vt 0.671875 0.046875
vt 0.640625 0.046875
vt 0.703125 0.015625
vt 0.734375 0.015625
vt 0.734375 0.046875
vt 0.703125 0.046875
vt 0.703125 0.078125
vt 0.734375 0.078125
vt 0.734375 0.109375
vt 0.703125 0.109375
vt 0.640625 0.078125
vt 0.671875 0.078125
vt 0.671875 0.109375
vt 0.640625 0.109375
vt 0.765625 0.015625
vt 0.796875 0.015625
vt 0.796875 0.046875
vt 0.765625 0.046875
vt 0.828125 0.015625
vt 0.859375 0.015625
vt 0.859375 0.046875
vt 0.828125 0.046875
vt 0.828125 0.078125
vt 0.859375 0.078125
vt 0.859375 0.109375
vt 0.828125 0.109375
vt 0.765625 0.078125
vt 0.796875 0.078125
vt 0.796875 0.109375
vt 0.765625 0.109375
vt 0.765625 0.140625
vt 0.796875 0.140625
vt 0.796875 0.171875
vt 0.765625 0.171875
vt 0.828125 0.140625
vt 0.859375 0.140625
vt 0.859375 0.171875
vt 0.828125 0.171875
vt 0.828125 0.203125
vt 0.859375 0.203125
vt 0.859375 0.234375
vt 0.828125 0.234375
vt 0.765625 0.203125
vt 0.796875 0.203125
vt 0.796875 0.234375
vt 0.765625 0.234375
vt 0.640625 0.140625
vt 0.671875 0.140625
vt 0.671875 0.171875
vt 0.640625 0.171875
vt 0.703125 0.140625
vt 0.734375 0.140625
vt 0.734375 0.171875
vt 0.703125 0.171875
vt 0.703125 0.203125
vt 0.734375 0.203125
vt 0.734375 0.234375
vt 0.703125 0.234375
vt 0.640625 0.203125
vt 0.671875 0.203125
vt 0.671875 0.234375
vt 0.640625 0.234375
vt 0.140625 0.015625
vt 0.171875 0.015625
vt 0.171875 0.046875
vt 0.140625 0.046875
vt 0.203125 0.015625
vt 0.234375 0.015625
vt 0.234375 0.046875
vt 0.203125 0.046875
vt 0.203125 0.078125
vt 0.234375 0.078125
vt 0.234375 0.109375
vt 0.203125 0.109375
vt 0.140625 0.078125
vt 0.171875 0.078125
vt 0.171875 0.109375
vt 0.140625 0.109375
vt 0.265625 0.015625
vt 0.296875 0.015625
vt 0.296875 0.046875
vt 0.265625 0.046875
vt 0.328125 0.015625
vt 0.359375 0.015625
vt 0.359375 0.046875
vt 0.328125 0.046875
vt 0.328125 0.078125
vt 0.359375 0.078125
vt 0.359375 0.109375
vt 0.328125 0.109375
vt 0.265625 0.078125
vt 0.296875 0.078125
vt 0.296875 0.109375
vt 0.265625 0.109375
vt 0.265625 0.140625
vt 0.296875 0.140625
vt 0.296875 0.171875
vt 0.265625 0.171875
vt 0.328125 0.140625
vt 0.359375 0.140625
vt 0.359375 0.171875
vt 0.328125 0.171875
vt 0.328125 0.203125
vt 0.359375 0.203125
vt 0.359375 0.234375
vt 0.328125 0.234375
vt 0.265625 0.203125
vt 0.296875 0.203125
vt 0.296875 0.234375
vt 0.265625 0.234375
vt 0.140625 0.140625
vt 0.171875 0.140625
vt 0.171875 0.171875
vt 0.140625 0.171875
vt 0.203125 0.140625
vt 0.234375 0.140625
vt 0.234375 0.171875
vt 0.203125 0.171875
vt 0.203125 0.203125
vt 0.234375 0.203125
vt 0.234375 0.234375
vt 0.203125 0.234375
vt 0.140625 0.203125
vt 0.171875 0.203125
vt 0.171875 0.234375
vt 0.140625 0.234375
vt 0.406250 0.015625
vt 0.421875 0.031250
vt 0.406250 0.046875
vt 0.390625 0.031250
vt 0.468750 0.015625
vt 0.484375 0.031250
vt 0.468750 0.046875
vt 0.453125 0.031250
vt 0.468750 0.078125
vt 0.484375 0.093750
vt 0.468750 0.109375
vt 0.453125 0.093750
vt 0.406250 0.078125
vt 0.421875 0.093750
vt 0.406250 0.109375
vt 0.390625 0.093750
vt 0.531250 0.015625
vt 0.546875 0.031250
vt 0.531250 0.046875
vt 0.515625 0.031250
vt 0.593750 0.015625
vt 0.609375 0.031250
vt 0.593750 0.046875
vt 0.578125 0.031250
vt 0.593750 0.078125
vt 0.609375 0.093750
vt 0.593750 0.109375
vt 0.578125 0.093750
vt 0.531250 0.078125
vt 0.546875 0.093750
vt 0.531250 0.109375
vt 0.515625 0.093750
vt 0.531250 0.140625
vt 0.546875 0.156250
vt 0.531250 0.171875
vt 0.515625 0.156250
vt 0.593750 0.140625
vt 0.609375 0.156250
vt 0.593750 0.171875
vt 0.578125 0.156250
vt 0.593750 0.203125
vt 0.609375 0.218750
vt 0.593750 0.234375
vt 0.578125 0.218750
vt 0.531250 0.203125
vt 0.546875 0.218750
vt 0.531250 0.234375
vt 0.515625 0.218750
vt 0.406250 0.140625
vt 0.421875 0.156250
vt 0.406250 0.171875
vt 0.390625 0.156250
vt 0.468750 0.140625
vt 0.484375 0.156250
vt 0.468750 0.171875
vt 0.453125 0.156250
vt 0.468750 0.203125
vt 0.484375 0.218750
vt 0.468750 0.234375
vt 0.453125 0.218750
vt 0.406250 0.203125
vt 0.421875 0.218750
vt 0.406250 0.234375
vt 0.390625 0.218750
vt 0.406250 0.265625
vt 0.421875 0.281250
vt 0.406250 0.296875
vt 0.390625 0.281250
vt 0.468750 0.265625
vt 0.484375 0.281250
vt 0.468750 0.296875
vt 0.453125 0.281250
vt 0.468750 0.328125
vt 0.484375 0.343750
vt 0.468750 0.359375
vt 0.453125 0.343750
vt 0.406250 0.328125
vt 0.421875 0.343750
vt 0.406250 0.359375
vt 0.390625 0.343750
vt 0.531250 0.265625
vt 0.546875 0.281250
vt 0.531250 0.296875
vt 0.515625 0.281250
vt 0.593750 0.265625
vt 0.609375 0.281250
vt 0.593750 0.296875
vt 0.578125 0.281250
vt 0.593750 0.328125
vt 0.609375 0.343750
vt 0.593750 0.359375
vt 0.578125 0.343750
vt 0.531250 0.328125
vt 0.546875 0.343750
vt 0.531250 0.359375
vt 0.515625 0.343750
vt 0.531250 0.390625
vt 0.546875 0.406250
vt 0.531250 0.421875
vt 0.515625 0.406250
vt 0.593750 0.390625
vt 0.609375 0.406250
vt 0.593750 0.421875
vt 0.578125 0.406250
vt 0.593750 0.453125
vt 0.609375 0.468750
vt 0.593750 0.484375
vt 0.578125 0.468750
vt 0.531250 0.453125
vt 0.546875 0.468750
vt 0.531250 0.484375
vt 0.515625 0.468750
vt 0.406250 0.390625
vt 0.421875 0.406250
vt 0.406250 0.421875
vt 0.390625 0.406250
vt 0.468750 0.390625
vt 0.484375 0.406250
vt 0.468750 0.421875
vt 0.453125 0.406250
vt 0.468750 0.453125
vt 0.484375 0.468750
vt 0.468750 0.484375
vt 0.453125 0.468750
vt 0.406250 0.453125
vt 0.421875 0.468750
vt 0.406250 0.484375
vt 0.390625 0.468750
vt 0.406250 0.515625
vt 0.421875 0.531250
vt 0.406250 0.546875
vt 0.390625 0.531250
vt 0.468750 0.515625
vt 0.484375 0.531250
vt 0.468750 0.546875
vt 0.453125 0.531250
vt 0.468750 0.578125
vt 0.484375 0.593750
vt 0.468750 0.609375
vt 0.453125 0.593750
vt 0.406250 0.578125
vt 0.421875 0.593750
vt 0.406250 0.609375
vt 0.390625 0.593750
vt 0.531250 0.515625
vt 0.546875 0.531250
vt 0.531250 0.546875
vt 0.515625 0.531250
vt 0.593750 0.515625
vt 0.609375 0.531250
vt 0.593750 0.546875
vt 0.578125 0.531250
vt 0.593750 0.578125
vt 0.609375 0.593750
vt 0.593750 0.609375
vt 0.578125 0.593750
vt 0.531250 0.578125
vt 0.546875 0.593750
vt 0.531250 0.609375
vt 0.515625 0.593750
vt 0.531250 0.640625
vt 0.546875 0.656250
vt 0.531250 0.671875
vt 0.515625 0.656250
vt 0.593750 0.640625
vt 0.609375 0.656250
vt 0.593750 0.671875
vt 0.578125 0.656250
vt 0.593750 0.703125
vt 0.609375 0.718750
vt 0.593750 0.734375
vt 0.578125 0.718750
vt 0.531250 0.703125
vt 0.546875 0.718750
vt 0.531250 0.734375
vt 0.515625 0.718750
vt 0.406250 0.640625
vt 0.421875 0.656250
vt 0.406250 0.671875
vt 0.390625 0.656250
vt 0.468750 0.640625
vt 0.484375 0.656250
vt 0.468750 0.671875
vt 0.453125 0.656250
vt 0.468750 0.703125
vt 0.484375 0.718750
vt 0.468750 0.734375
vt 0.453125 0.718750
vt 0.406250 0.703125
vt 0.421875 0.718750
vt 0.406250 0.734375
vt 0.390625 0.718750
vt 0.406250 0.765625
vt 0.421875 0.781250
vt 0.406250 0.796875
vt 0.390625 0.781250
vt 0.468750 0.765625
vt 0.484375 0.781250
vt 0.468750 0.796875
vt 0.453125 0.781250
vt 0.468750 0.828125
vt 0.484375 0.843750
vt 0.468750 0.859375
vt 0.453125 0.843750
vt 0.406250 0.828125
vt 0.421875 0.843750
vt 0.406250 0.859375
vt 0.390625 0.843750
vt 0.531250 0.765625
vt 0.546875 0.781250
vt 0.531250 0.796875
vt 0.515625 0.781250
vt 0.593750 0.765625
vt 0.609375 0.781250
vt 0.593750 0.796875
vt 0.578125 0.781250
vt 0.593750 0.828125
vt 0.609375 0.843750
vt 0.593750 0.859375
vt 0.578125 0.843750
vt 0.531250 0.828125
vt 0.546875 0.843750
vt 0.531250 0.859375
vt 0.515625 0.843750
vt 0.531250 0.890625
vt 0.546875 0.906250
vt 0.531250 0.921875
vt 0.515625 0.906250
vt 0.593750 0.890625
vt 0.609375 0.906250
vt 0.593750 0.921875
vt 0.578125 0.906250
vt 0.593750 0.953125
vt 0.609375 0.968750
vt 0.593750 0.984375
vt 0.578125 0.968750
vt 0.531250 0.953125
vt 0.546875 0.968750
vt 0.531250 0.984375
vt 0.515625 0.968750
vt 0.406250 0.890625
vt 0.421875 0.906250
vt 0.406250 0.921875
vt 0.390625 0.906250
vt 0.468750 0.890625
vt 0.484375 0.906250
vt 0.468750 0.921875
vt 0.453125 0.906250
vt 0.468750 0.953125
vt 0.484375 0.968750
vt 0.468750 0.984375
vt 0.453125 0.968750
vt 0.406250 0.953125
vt 0.421875 0.968750
vt 0.406250 0.984375
vt 0.390625 0.968750
vt 0.656250 0.015625
vt 0.671875 0.031250
vt 0.656250 0.046875
vt 0.640625 0.031250
vt 0.718750 0.015625
vt 0.734375 0.031250
vt 0.718750 0.046875
vt 0.703125 0.031250
vt 0.718750 0.078125
vt 0.734375 0.093750
vt 0.718750 0.109375
vt 0.703125 0.093750
vt 0.656250 0.078125
vt 0.671875 0.093750
vt 0.656250 0.109375
vt 0.640625 0.093750
vt 0.781250 0.015625
vt 0.796875 0.031250
vt 0.781250 0.046875
vt 0.765625 0.031250
vt 0.843750 0.015625
vt 0.859375 0.031250
vt 0.843750 0.046875
vt 0.828125 0.031250
vt 0.843750 0.078125
vt 0.859375 0.093750
vt 0.843750 0.109375
vt 0.828125 0.093750
vt 0.781250 0.078125
vt 0.796875 0.093750
vt 0.781250 0.109375
vt 0.765625 0.093750
vt 0.781250 0.140625
vt 0.796875 0.156250
vt 0.781250 0.171875
vt 0.765625 0.156250
vt 0.843750 0.140625
vt 0.859375 0.156250
vt 0.843750 0.171875
vt 0.828125 0.156250
vt 0.843750 0.203125
vt 0.859375 0.218750
vt 0.843750 0.234375
vt 0.828125 0.218750
vt 0.781250 0.203125
vt 0.796875 0.218750
vt 0.781250 0.234375
vt 0.765625 0.218750
vt 0.656250 0.140625
vt 0.671875 0.156250
vt 0.656250 0.171875
vt 0.640625 0.156250
vt 0.718750 0.140625
vt 0.734375 0.156250
vt 0.718750 0.171875
vt 0.703125 0.156250
vt 0.718750 0.203125
vt 0.734375 0.218750
vt 0.718750 0.234375
vt 0.703125 0.218750
vt 0.656250 0.203125
vt 0.671875 0.218750
vt 0.656250 0.234375
vt 0.640625 0.218750
vt 0.156250 0.015625
vt 0.171875 0.031250
vt 0.156250 0.046875
vt 0.140625 0.031250
vt 0.218750 0.015625
vt 0.234375 0.031250
vt 0.218750 0.046875
vt 0.203125 0.031250
vt 0.218750 0.078125
vt 0.234375 0.093750
vt 0.218750 0.109375
vt 0.203125 0.093750
vt 0.156250 0.078125
vt 0.171875 0.093750
vt 0.156250 0.109375
vt 0.140625 0.093750
vt 0.281250 0.015625
vt 0.296875 0.031250
vt 0.281250 0.046875
vt 0.265625 0.031250
vt 0.343750 0.015625
vt 0.359375 0.031250
vt 0.343750 0.046875
vt 0.328125 0.031250
vt 0.343750 0.078125
vt 0.359375 0.093750
vt 0.343750 0.109375
vt 0.328125 0.093750
vt 0.281250 0.078125
vt 0.296875 0.093750
vt 0.281250 0.109375
vt 0.265625 0.093750
vt 0.281250 0.140625
vt 0.296875 0.156250
vt 0.281250 0.171875
vt 0.265625 0.156250
vt 0.343750 0.140625
vt 0.359375 0.156250
vt 0.343750 0.171875
vt 0.328125 0.156250
vt 0.343750 0.203125
vt 0.359375 0.218750
vt 0.343750 0.234375
vt 0.328125 0.218750
vt 0.281250 0.203125
vt 0.296875 0.218750
vt 0.281250 0.234375
vt 0.265625 0.218750
vt 0.156250 0.140625
vt 0.171875 0.156250
vt 0.156250 0.171875
vt 0.140625 0.156250
vt 0.218750 0.140625
vt 0.234375 0.156250
vt 0.218750 0.171875
vt 0.203125 0.156250
vt 0.218750 0.203125
vt 0.234375 0.218750
vt 0.218750 0.234375
vt 0.203125 0.218750
vt 0.156250 0.203125
vt 0.171875 0.218750
vt 0.156250 0.234375
vt 0.140625 0.218750
vt 0.437500 0.046875
vt 0.437500 0.015625
vt 0.453125 0.062500
vt 0.484375 0.062500
vt 0.437500 0.078125
vt 0.437500 0.109375
vt 0.421875 0.062500
vt 0.390625 0.062500
vt 0.562500 0.046875
vt 0.562500 0.015625
vt 0.578125 0.062500
vt 0.609375 0.062500
vt 0.562500 0.078125
vt 0.562500 0.109375
vt 0.546875 0.062500
vt 0.515625 0.062500
vt 0.562500 0.171875
vt 0.562500 0.140625
vt 0.578125 0.187500
vt 0.609375 0.187500
vt 0.562500 0.203125
vt 0.562500 0.234375
vt 0.546875 0.187500
vt 0.515625 0.187500
vt 0.437500 0.171875
vt 0.437500 0.140625
vt 0.453125 0.187500
vt 0.484375 0.187500
vt 0.437500 0.203125
vt 0.437500 0.234375
vt 0.421875 0.187500
vt 0.390625 0.187500
vt 0.437500 0.296875
vt 0.437500 0.265625
vt 0.453125 0.312500
vt 0.484375 0.312500
vt 0.437500 0.328125
vt 0.437500 0.359375
vt 0.421875 0.312500
vt 0.390625 0.312500
vt 0.562500 0.296875
vt 0.562500 0.265625
vt 0.578125 0.312500
vt 0.609375 0.312500
vt 0.562500 0.328125
vt 0.562500 0.359375
vt 0.546875 0.312500
vt 0.515625 0.312500
vt 0.562500 0.421875
vt 0.562500 0.390625
vt 0.578125 0.437500
vt 0.609375 0.437500
vt 0.562500 0.453125
vt 0.562500 0.484375
vt 0.546875 0.437500
vt 0.515625 0.437500
vt 0.437500 0.421875
vt 0.437500 0.390625
vt 0.453125 0.437500
vt 0.484375 0.437500
vt 0.437500 0.453125
vt 0.437500 0.484375
vt 0.421875 0.437500
vt 0.390625 0.437500
vt 0.437500 0.546875
vt 0.437500 0.515625
vt 0.453125 0.562500
vt 0.484375 0.562500
vt 0.437500 0.578125
vt 0.437500 0.609375
vt 0.421875 0.562500
vt 0.390625 0.562500
vt 0.562500 0.546875
vt 0.562500 0.515625
vt 0.578125 0.562500
vt 0.609375 0.562500
vt 0.562500 0.578125
vt 0.562500 0.609375
vt 0.546875 0.562500
vt 0.515625 0.562500
vt 0.562500 0.671875
vt 0.562500 0.640625
vt 0.578125 0.687500
vt 0.609375 0.687500
vt 0.562500 0.703125
vt 0.562500 0.734375
vt 0.546875 0.687500
vt 0.515625 0.687500
vt 0.437500 0.671875
vt 0.437500 0.640625
vt 0.453125 0.687500
vt 0.484375 0.687500
vt 0.437500 0.703125
vt 0.437500 0.734375
vt 0.421875 0.687500
vt 0.390625 0.687500
vt 0.437500 0.796875
vt 0.437500 0.765625
vt 0.453125 0.812500
vt 0.484375 0.812500
vt 0.437500 0.828125
vt 0.437500 0.859375
vt 0.421875 0.812500
vt 0.390625 0.812500
vt 0.562500 0.796875
vt 0.562500 0.765625
vt 0.578125 0.812500
vt 0.609375 0.812500
vt 0.562500 0.828125
vt 0.562500 0.859375
vt 0.546875 0.812500
vt 0.515625 0.812500
vt 0.562500 0.921875
vt 0.562500 0.890625
vt 0.578125 0.937500
vt 0.609375 0.937500
vt 0.562500 0.953125
vt 0.562500 0.984375
vt 0.546875 0.937500
vt 0.515625 0.937500
vt 0.437500 0.921875
vt 0.437500 0.890625
vt 0.453125 0.937500
vt 0.484375 0.937500
vt 0.437500 0.953125
vt 0.437500 0.984375
vt 0.421875 0.937500
vt 0.390625 0.937500
vt 0.687500 0.046875
vt 0.687500 0.015625
vt 0.703125 0.062500
vt 0.734375 0.062500
vt 0.687500 0.078125
vt 0.687500 0.109375
vt 0.671875 0.062500
vt 0.640625 0.062500
vt 0.812500 0.046875
vt 0.812500 0.015625
vt 0.828125 0.062500
vt 0.859375 0.062500
vt 0.812500 0.078125
vt 0.812500 0.109375
vt 0.796875 0.062500
vt 0.765625 0.062500
vt 0.812500 0.171875
vt 0.812500 0.140625
vt 0.828125 0.187500
vt 0.859375 0.187500
vt 0.812500 0.203125
vt 0.812500 0.234375
vt 0.796875 0.187500
vt 0.765625 0.187500
vt 0.687500 0.171875
vt 0.687500 0.140625
vt 0.703125 0.187500
vt 0.734375 0.187500
vt 0.687500 0.203125
vt 0.687500 0.234375
vt 0.671875 0.187500
vt 0.640625 0.187500
vt 0.187500 0.046875
vt 0.187500 0.015625
vt 0.203125 0.062500
vt 0.234375 0.062500
vt 0.187500 0.078125
vt 0.187500 0.109375
vt 0.171875 0.062500
vt 0.140625 0.062500
vt 0.312500 0.046875
vt 0.312500 0.015625
vt 0.328125 0.062500
vt 0.359375 0.062500
vt 0.312500 0.078125
vt 0.312500 0.109375
vt 0.296875 0.062500
vt 0.265625 0.062500
vt 0.312500 0.171875
vt 0.312500 0.140625
vt 0.328125 0.187500
vt 0.359375 0.187500
vt 0.312500 0.203125
vt 0.312500 0.234375
vt 0.296875 0.187500
vt 0.265625 0.187500
vt 0.187500 0.171875
vt 0.187500 0.140625
vt 0.203125 0.187500
vt 0.234375 0.187500
vt 0.187500 0.203125
vt 0.187500 0.234375
vt 0.171875 0.187500
vt 0.140625 0.187500
vt 0.500000 0.078125
vt 0.500000 0.109375
vt 0.500000 0.046875
vt 0.500000 0.015625
vt 0.546875 0.125000
vt 0.515625 0.125000
vt 0.578125 0.125000
vt 0.609375 0.125000
vt 0.500000 0.171875
vt 0.500000 0.140625
vt 0.500000 0.203125
vt 0.500000 0.234375
vt 0.453125 0.125000
vt 0.484375 0.125000
vt 0.421875 0.125000
vt 0.390625 0.125000
vt 0.500000 0.328125
vt 0.500000 0.359375
vt 0.500000 0.296875
vt 0.500000 0.265625
vt 0.546875 0.375000
vt 0.515625 0.375000
vt 0.578125 0.375000
vt 0.609375 0.375000
vt 0.500000 0.421875
vt 0.500000 0.390625
vt 0.500000 0.453125
vt 0.500000 0.484375
vt 0.453125 0.375000
vt 0.484375 0.375000
vt 0.421875 0.375000
vt 0.390625 0.375000
vt 0.500000 0.578125
vt 0.500000 0.609375
vt 0.500000 0.546875
vt 0.500000 0.515625
vt 0.546875 0.625000
vt 0.515625 0.625000
vt 0.578125 0.625000
vt 0.609375 0.625000
vt 0.500000 0.671875
vt 0.500000 0.640625
vt 0.500000 0.703125
vt 0.500000 0.734375
vt 0.453125 0.625000
vt 0.484375 0.625000
vt 0.421875 0.625000
vt 0.390625 0.625000
vt 0.500000 0.828125
vt 0.500000 0.859375
vt 0.500000 0.796875
vt 0.500000 0.765625
vt 0.546875 0.875000
vt 0.515625 0.875000
vt 0.578125 0.875000
vt 0.609375 0.875000
vt 0.500000 0.921875
vt 0.500000 0.890625
vt 0.500000 0.953125
vt 0.500000 0.984375
vt 0.453125 0.875000
vt 0.484375 0.875000
vt 0.421875 0.875000
vt 0.390625 0.875000
vt 0.750000 0.078125
vt 0.750000 0.109375
vt 0.750000 0.046875
vt 0.750000 0.015625
vt 0.796875 0.125000
vt 0.765625 0.125000
vt 0.828125 0.125000
vt 0.859375 0.125000
vt 0.750000 0.171875
vt 0.750000 0.140625
vt 0.750000 0.203125
vt 0.750000 0.234375
vt 0.703125 0.125000
vt 0.734375 0.125000
vt 0.671875 0.125000
vt 0.640625 0.125000
vt 0.250000 0.078125
vt 0.250000 0.109375
vt 0.250000 0.046875
vt 0.250000 0.015625
vt 0.296875 0.125000
vt 0.265625 0.125000
vt 0.328125 0.125000
vt 0.359375 0.125000
vt 0.250000 0.171875
vt 0.250000 0.140625
vt 0.250000 0.203125
vt 0.250000 0.234375
vt 0.203125 0.125000
vt 0.234375 0.125000
vt 0.171875 0.125000
vt 0.140625 0.125000
vt 0.453125 0.000000
vt 0.453125 1.000000
vt 0.484375 0.000000
vt 0.484375 1.000000
vt 0.421875 0.000000
vt 0.421875 1.000000
vt 0.390625 0.000000
vt 0.390625 1.000000
vt 0.546875 0.000000
vt 0.546875 1.000000
vt 0.515625 0.000000
vt 0.515625 1.000000
vt 0.578125 0.000000
vt 0.578125 1.000000
vt 0.609375 0.000000
vt 0.609375 1.000000
vt 0.625000 0.078125
vt 0.625000 0.109375
vt 0.625000 0.046875
vt 0.625000 0.015625
vt 0.625000 0.171875
vt 0.625000 0.140625
vt 0.625000 0.203125
vt 0.625000 0.234375
vt 0.546875 0.250000
vt 0.515625 0.250000
vt 0.578125 0.250000
vt 0.609375 0.250000
vt 0.453125 0.250000
vt 0.484375 0.250000
vt 0.421875 0.250000
vt 0.390625 0.250000
vt 0.375000 0.171875
vt 0.375000 0.140625
vt 0.375000 0.203125
vt 0.375000 0.234375
vt 0.375000 0.078125
vt 0.375000 0.109375
vt 0.375000 0.046875
vt 0.375000 0.015625
vt 0.625000 0.328125
vt 0.703125 0.250000
vt 0.625000 0.359375
vt 0.734375 0.250000
vt 0.625000 0.296875
vt 0.671875 0.250000
vt 0.625000 0.265625
vt 0.640625 0.250000
vt 0.625000 0.421875
vt 0.796875 0.250000
vt 0.625000 0.390625
vt 0.765625 0.250000
vt 0.625000 0.453125
vt 0.828125 0.250000
vt 0.625000 0.484375
vt 0.859375 0.250000
vt 0.546875 0.500000
vt 0.515625 0.500000
vt 0.578125 0.500000
vt 0.609375 0.500000
vt 0.453125 0.500000
vt 0.484375 0.500000
vt 0.421875 0.500000
vt 0.390625 0.500000
vt 0.375000 0.421875
vt 0.203125 0.250000
vt 0.375000 0.390625
vt 0.234375 0.250000
vt 0.375000 0.453125
vt 0.171875 0.250000
vt 0.375000 0.484375
vt 0.140625 0.250000
vt 0.375000 0.328125
vt 0.296875 0.250000
vt 0.375000 0.359375
vt 0.265625 0.250000
vt 0.375000 0.296875
vt 0.328125 0.250000
vt 0.375000 0.265625
vt 0.359375 0.250000
vt 0.625000 0.578125
vt 0.875000 0.171875
vt 0.625000 0.609375
vt 0.875000 0.140625
vt 0.625000 0.546875
vt 0.875000 0.203125
vt 0.625000 0.515625
vt 0.875000 0.234375
vt 0.625000 0.671875
vt 0.875000 0.078125
vt 0.625000 0.640625
vt 0.875000 0.109375
vt 0.625000 0.703125
vt 0.875000 0.046875
vt 0.625000 0.734375
vt 0.875000 0.015625
vt 0.546875 0.750000
vt 0.515625 0.750000
vt 0.578125 0.750000
vt 0.609375 0.750000
vt 0.453125 0.750000
vt 0.484375 0.750000
vt 0.421875 0.750000
vt 0.390625 0.750000
vt 0.375000 0.671875
vt 0.125000 0.078125
vt 0.375000 0.640625
vt 0.125000 0.109375
vt 0.375000 0.703125
vt 0.125000 0.046875
vt 0.375000 0.734375
vt 0.125000 0.015625
vt 0.375000 0.578125
vt 0.125000 0.171875
vt 0.375000 0.609375
vt 0.125000 0.140625
vt 0.375000 0.546875
vt 0.125000 0.203125
vt 0.375000 0.515625
vt 0.125000 0.234375
vt 0.625000 0.828125
vt 0.796875 0.000000
vt 0.625000 0.859375
vt 0.765625 0.000000
vt 0.625000 0.796875
vt 0.828125 0.000000
vt 0.625000 0.765625
vt 0.859375 0.000000
vt 0.625000 0.921875
vt 0.703125 0.000000
vt 0.625000 0.890625
vt 0.734375 0.000000
vt 0.625000 0.953125
vt 0.671875 0.000000
vt 0.625000 0.984375
vt 0.640625 0.000000
vt 0.375000 0.921875
vt 0.296875 0.000000
vt 0.375000 0.890625
vt 0.265625 0.000000
vt 0.375000 0.953125
vt 0.328125 0.000000
vt 0.375000 0.984375
vt 0.359375 0.000000
vt 0.375000 0.828125
vt 0.203125 0.000000
vt 0.375000 0.859375
vt 0.234375 0.000000
vt 0.375000 0.796875
vt 0.171875 0.000000
vt 0.375000 0.765625
vt 0.140625 0.000000
vn -0.577350 -0.577360 0.577341
vn -0.526564 -0.601144 0.601129
vn -0.537992 -0.537986 0.648950
vn -0.601139 -0.526561 0.601137
vn -0.467224 -0.625186 0.625176
vn -0.472239 -0.556514 0.683581
vn -0.483412 -0.483410 0.729813
vn -0.556517 -0.472236 0.683580
vn -0.625181 -0.467222 0.625182
vn -0.401742 -0.647537 0.647533
vn -0.404012 -0.573475 0.712672
vn -0.330711 -0.667320 0.667318
vn -0.331528 -0.588380 0.737494
vn -0.333649 -0.506153 0.795291
vn -0.409524 -0.495508 0.766004
vn -0.416361 -0.416356 0.808264
vn -0.495507 -0.409523 0.766005
vn -0.336724 -0.422899 0.841293
vn -0.339915 -0.339912 0.876879
vn -0.422900 -0.336724 0.841292
vn -0.506150 -0.333649 0.795292
vn -0.573477 -0.404015 0.712668
vn -0.647534 -0.401741 0.647536
vn -0.588384 -0.331526 0.737492
vn -0.667320 -0.330709 0.667320
vn -0.255077 -0.683717 0.683716
vn -0.255290 -0.600454 0.757814
vn -0.176516 -0.696002 0.696005
vn -0.176292 -0.609505 0.772933
vn -0.175666 -0.520665 0.835494
vn -0.255813 -0.514532 0.818423
vn -0.092337 -0.704083 0.704089
vn -0.091993 -0.615337 0.782878
vn -0.000001 -0.707102 0.707111
vn 0.000001 -0.617507 0.786566
vn -0.000001 -0.525779 0.850621
vn -0.091066 -0.524414 0.846580
vn -0.089809 -0.433569 0.896634
vn -0.174808 -0.431635 0.884948
vn -0.000005 -0.434238 0.900798
vn -0.000001 -0.344172 0.938907
vn -0.088398 -0.344062 0.934777
vn -0.173743 -0.343620 0.922897
vn -0.256571 -0.428079 0.866556
vn -0.257200 -0.342301 0.903702
vn -0.257303 -0.257312 0.931443
vn -0.342302 -0.257209 0.903699
vn -0.172454 -0.256883 0.950931
vn -0.171101 -0.171103 0.970282
vn -0.256877 -0.172453 0.950933
vn -0.343617 -0.173742 0.922898
vn -0.086974 -0.256258 0.962688
vn 0.000004 -0.256000 0.966677
vn 0.000002 -0.169620 0.985509
vn -0.085715 -0.170016 0.981706
vn -0.084829 -0.084829 0.992778
vn -0.170016 -0.085713 0.981707
vn -0.000000 -0.084520 0.996422
vn 0.000003 0.000003 1.000000
vn -0.084520 -0.000000 0.996422
vn -0.169622 0.000002 0.985509
vn -0.256257 -0.086967 0.962688
vn -0.344055 -0.088389 0.934780
vn -0.256002 0.000003 0.966676
vn -0.344168 0.000002 0.938908
vn -0.600455 -0.255293 0.757812
vn -0.683716 -0.255082 0.683715
vn -0.514533 -0.255815 0.818422
vn -0.520668 -0.175670 0.835491
vn -0.609504 -0.176297 0.772932
vn -0.696003 -0.176520 0.696003
vn -0.428081 -0.256578 0.866553
vn -0.431639 -0.174812 0.884946
vn -0.433572 -0.089803 0.896633
vn -0.524417 -0.091062 0.846578
vn -0.434238 0.000001 0.900798
vn -0.525780 0.000001 0.850621
vn -0.615335 -0.091991 0.782880
vn -0.704086 -0.092336 0.704086
vn -0.617503 0.000000 0.786569
vn -0.707107 -0.000000 0.707107
vn 0.092335 -0.704082 0.704090
vn 0.091997 -0.615332 0.782881
vn 0.176519 -0.696000 0.696006
vn 0.176294 -0.609496 0.772939
vn 0.175668 -0.520668 0.835491
vn 0.091076 -0.524417 0.846576
vn 0.255074 -0.683717 0.683717
vn 0.255283 -0.600449 0.757820
vn 0.330708 -0.667320 0.667320
vn 0.331525 -0.588376 0.737499
vn 0.333649 -0.506151 0.795292
vn 0.255806 -0.514533 0.818425
vn 0.256570 -0.428084 0.866554
vn 0.174814 -0.431644 0.884943
vn 0.336723 -0.422901 0.841292
vn 0.339913 -0.339915 0.876879
vn 0.257203 -0.342303 0.903701
vn 0.173743 -0.343617 0.922898
vn 0.089814 -0.433575 0.896630
vn 0.088397 -0.344053 0.934780
vn 0.401750 -0.647534 0.647531
vn 0.404016 -0.573472 0.712671
vn 0.467224 -0.625183 0.625178
vn 0.472239 -0.556516 0.683579
vn 0.483412 -0.483414 0.729810
vn 0.409519 -0.495510 0.766005
vn 0.526558 -0.601143 0.601136
vn 0.537989 -0.537988 0.648950
vn 0.577350 -0.577356 0.577346
vn 0.601140 -0.526557 0.601139
vn 0.625182 -0.467222 0.625181
vn 0.556519 -0.472238 0.683577
vn 0.573478 -0.404015 0.712668
vn 0.495509 -0.409520 0.766005
vn 0.647535 -0.401744 0.647534
vn 0.667320 -0.330713 0.667318
vn 0.588381 -0.331529 0.737493
vn 0.506150 -0.333650 0.795293
vn 0.416356 -0.416357 0.808266
vn 0.422899 -0.336724 0.841293
vn 0.428080 -0.256573 0.866555
vn 0.342303 -0.257202 0.903701
vn 0.514529 -0.255815 0.818424
vn 0.520662 -0.175667 0.835495
vn 0.431635 -0.174809 0.884948
vn 0.343619 -0.173739 0.922898
vn 0.600453 -0.255293 0.757814
vn 0.683719 -0.255078 0.683713
vn 0.696007 -0.176517 0.696000
vn 0.609503 -0.176294 0.772934
vn 0.615334 -0.091991 0.782880
vn 0.524412 -0.091063 0.846581
vn 0.704088 -0.092338 0.704084
vn 0.707107 -0.000000 0.707107
vn 0.617503 0.000000 0.786569
vn 0.525778 -0.000002 0.850622
vn 0.433571 -0.089808 0.896633
vn 0.344057 -0.088397 0.934778
vn 0.434240 -0.000004 0.900797
vn 0.344169 -0.000002 0.938908
vn 0.086971 -0.256259 0.962688
vn 0.172451 -0.256884 0.950932
vn 0.171103 -0.171102 0.970282
vn 0.085712 -0.170021 0.981706
vn 0.257308 -0.257308 0.931442
vn 0.256885 -0.172450 0.950932
vn 0.256263 -0.086976 0.962686
vn 0.170020 -0.085721 0.981705
vn 0.256008 0.000000 0.966675
vn 0.169619 0.000003 0.985510
vn 0.084824 -0.084832 0.992778
vn 0.084511 0.000006 0.996422
vn 0.084825 0.084833 0.992778
vn 0.000006 0.084520 0.996422
vn 0.170015 0.085724 0.981706
vn 0.171104 0.171101 0.970282
vn 0.085715 0.170013 0.981707
vn 0.000002 0.169619 0.985510
vn 0.256262 0.086979 0.962686
vn 0.344051 0.088396 0.934781
vn 0.343612 0.173744 0.922900
vn 0.256882 0.172453 0.950932
vn 0.257308 0.257308 0.931443
vn 0.172458 0.256880 0.950931
vn 0.342297 0.257205 0.903703
vn 0.339911 0.339912 0.876881
vn 0.257207 0.342296 0.903702
vn 0.173747 0.343612 0.922899
vn 0.086971 0.256257 0.962688
vn -0.000003 0.256003 0.966676
vn 0.088391 0.344054 0.934780
vn -0.000001 0.344169 0.938908
vn 0.433571 0.089805 0.896634
vn 0.524417 0.091062 0.846578
vn 0.520668 0.175665 0.835492
vn 0.431632 0.174811 0.884949
vn 0.615334 0.091992 0.782880
vn 0.704087 0.092339 0.704084
vn 0.696007 0.176520 0.696000
vn 0.609505 0.176294 0.772932
vn 0.600459 0.255292 0.757810
vn 0.514531 0.255815 0.818423
vn 0.683719 0.255077 0.683713
vn 0.667321 0.330708 0.667319
vn 0.588384 0.331529 0.737491
vn 0.506150 0.333654 0.795291
vn 0.428074 0.256576 0.866558
vn 0.422896 0.336726 0.841294
vn 0.416359 0.416358 0.808265
vn 0.336723 0.422897 0.841294
vn 0.495509 0.409523 0.766004
vn 0.483414 0.483416 0.729808
vn 0.409526 0.495510 0.766001
vn 0.333648 0.506152 0.795292
vn 0.573475 0.404017 0.712668
vn 0.647534 0.401744 0.647534
vn 0.625181 0.467222 0.625182
vn 0.556514 0.472242 0.683579
vn 0.537986 0.537986 0.648955
vn 0.472240 0.556512 0.683581
vn 0.601138 0.526556 0.601142
vn 0.577345 0.577354 0.577352
vn 0.526560 0.601137 0.601140
vn 0.467224 0.625178 0.625183
vn 0.404018 0.573475 0.712668
vn 0.331527 0.588383 0.737493
vn 0.401744 0.647533 0.647537
vn 0.330712 0.667318 0.667321
vn 0.089802 0.433571 0.896633
vn 0.000001 0.434238 0.900798
vn 0.174813 0.431637 0.884946
vn 0.175669 0.520670 0.835490
vn 0.091064 0.524418 0.846577
vn 0.000002 0.525780 0.850620
vn 0.256577 0.428077 0.866556
vn 0.255812 0.514534 0.818422
vn 0.255287 0.600455 0.757814
vn 0.176295 0.609502 0.772934
vn 0.255078 0.683711 0.683721
vn 0.176520 0.695995 0.696011
vn 0.091994 0.615333 0.782881
vn 0.000001 0.617503 0.786569
vn 0.092336 0.704079 0.704093
vn -0.000001 0.707102 0.707112
vn -0.615331 0.091999 0.782881
vn -0.704084 0.092339 0.704087
vn -0.524417 0.091073 0.846577
vn -0.520670 0.175664 0.835491
vn -0.609499 0.176292 0.772937
vn -0.696001 0.176518 0.696006
vn -0.433573 0.089809 0.896632
vn -0.344051 0.088393 0.934781
vn -0.343614 0.173741 0.922899
vn -0.431641 0.174809 0.884945
vn -0.428080 0.256570 0.866556
vn -0.514532 0.255804 0.818426
vn -0.342300 0.257202 0.903702
vn -0.339912 0.339913 0.876880
vn -0.422898 0.336724 0.841293
vn -0.506150 0.333654 0.795291
vn -0.600457 0.255283 0.757814
vn -0.683717 0.255077 0.683716
vn -0.588382 0.331531 0.737491
vn -0.667321 0.330711 0.667318
vn -0.256259 0.086972 0.962688
vn -0.170021 0.085715 0.981706
vn -0.171103 0.171104 0.970282
vn -0.256880 0.172450 0.950933
vn -0.084829 0.084829 0.992778
vn -0.085715 0.170021 0.981706
vn -0.086972 0.256258 0.962688
vn -0.172450 0.256879 0.950933
vn -0.088391 0.344052 0.934781
vn -0.173741 0.343612 0.922900
vn -0.257306 0.257305 0.931444
vn -0.257206 0.342299 0.903702
vn -0.256578 0.428082 0.866553
vn -0.336722 0.422902 0.841292
vn -0.174812 0.431639 0.884946
vn -0.175669 0.520669 0.835490
vn -0.255814 0.514532 0.818423
vn -0.333649 0.506150 0.795293
vn -0.089802 0.433571 0.896634
vn -0.091065 0.524419 0.846577
vn -0.091995 0.615333 0.782880
vn -0.176295 0.609501 0.772935
vn -0.092340 0.704084 0.704088
vn -0.176519 0.696003 0.696003
vn -0.255289 0.600453 0.757815
vn -0.331529 0.588381 0.737494
vn -0.255076 0.683718 0.683715
vn -0.330711 0.667321 0.667318
vn -0.573475 0.404016 0.712669
vn -0.647536 0.401743 0.647533
vn -0.495510 0.409523 0.766003
vn -0.483414 0.483416 0.729808
vn -0.556512 0.472242 0.683581
vn -0.625182 0.467223 0.625180
vn -0.416357 0.416361 0.808264
vn -0.409523 0.495511 0.766002
vn -0.404016 0.573474 0.712670
vn -0.472239 0.556512 0.683583
vn -0.401741 0.647535 0.647536
vn -0.467222 0.625179 0.625184
vn -0.537984 0.537987 0.648956
vn -0.601139 0.526560 0.601137
vn -0.526561 0.601136 0.601139
vn -0.577351 0.577350 0.577349
vn -0.537989 0.648952 0.537987
vn -0.601142 0.601136 0.526559
vn -0.472236 0.683586 0.556511
vn -0.483408 0.729814 0.483413
vn -0.556513 0.683582 0.472238
vn -0.625184 0.625179 0.467222
vn -0.404013 0.712675 0.573470
vn -0.331532 0.737492 0.588380
vn -0.333658 0.795287 0.506152
vn -0.409523 0.766003 0.495511
vn -0.416358 0.808259 0.416368
vn -0.495509 0.766001 0.409528
vn -0.336726 0.841290 0.422902
vn -0.339904 0.876885 0.339909
vn -0.422898 0.841292 0.336726
vn -0.506155 0.795288 0.333653
vn -0.573471 0.712672 0.404017
vn -0.647536 0.647531 0.401747
vn -0.588379 0.737495 0.331529
vn -0.667320 0.667319 0.330710
vn -0.255285 0.757816 0.600453
vn -0.176296 0.772938 0.609496
vn -0.175662 0.835494 0.520665
vn -0.255804 0.818424 0.514535
vn -0.091999 0.782885 0.615328
vn -0.000002 0.786572 0.617498
vn -0.000002 0.850623 0.525777
vn -0.091075 0.846580 0.524412
vn -0.089813 0.896628 0.433580
vn -0.174804 0.884942 0.431649
vn -0.000001 0.900796 0.434243
vn -0.000002 0.938910 0.344162
vn -0.088388 0.934781 0.344052
vn -0.173743 0.922898 0.343616
vn -0.256571 0.866555 0.428082
vn -0.257210 0.903702 0.342295
vn -0.257308 0.931443 0.257306
vn -0.342292 0.903704 0.257207
vn -0.172453 0.950935 0.256870
vn -0.171101 0.970282 0.171106
vn -0.256874 0.950934 0.172457
vn -0.343614 0.922899 0.173746
vn -0.086966 0.962690 0.256251
vn -0.000007 0.966676 0.256005
vn -0.000010 0.985509 0.169626
vn -0.085717 0.981705 0.170023
vn -0.084829 0.992778 0.084835
vn -0.170020 0.981705 0.085722
vn -0.000007 0.996422 0.084519
vn -0.000002 1.000000 0.000001
vn -0.084519 0.996422 -0.000001
vn -0.169627 0.985508 -0.000005
vn -0.256254 0.962689 0.086970
vn -0.344051 0.934781 0.088391
vn -0.256000 0.966677 -0.000005
vn -0.344162 0.938910 -0.000004
vn -0.600453 0.757816 0.255287
vn -0.683718 0.683715 0.255074
vn -0.514534 0.818424 0.255804
vn -0.520661 0.835496 0.175665
vn -0.609498 0.772937 0.176298
vn -0.696006 0.696000 0.176521
vn -0.428082 0.866556 0.256566
vn -0.431648 0.884942 0.174807
vn -0.433582 0.896627 0.089812
vn -0.524409 0.846582 0.091070
vn -0.434245 0.900795 -0.000003
vn -0.525776 0.850623 -0.000001
vn -0.615331 0.782883 0.091992
vn -0.704089 0.704083 0.092336
vn -0.617501 0.786570 -0.000000
vn -0.707111 0.707103 -0.000001
vn 0.091988 0.782884 0.615330
vn 0.176296 0.772935 0.609501
vn 0.175660 0.835499 0.520658
vn 0.091066 0.846584 0.524407
vn 0.255292 0.757811 0.600457
vn 0.331533 0.737491 0.588382
vn 0.333659 0.795286 0.506153
vn 0.255807 0.818426 0.514531
vn 0.256567 0.866559 0.428076
vn 0.174803 0.884945 0.431643
vn 0.336730 0.841292 0.422895
vn 0.339910 0.876885 0.339904
vn 0.257208 0.903703 0.342293
vn 0.173744 0.922897 0.343619
vn 0.089811 0.896629 0.433578
vn 0.088387 0.934780 0.344055
vn 0.404017 0.712671 0.573472
vn 0.472238 0.683582 0.556513
vn 0.483409 0.729813 0.483413
vn 0.409528 0.766000 0.495510
vn 0.537987 0.648950 0.537990
vn 0.601139 0.601138 0.526560
vn 0.625185 0.625177 0.467222
vn 0.556513 0.683581 0.472239
vn 0.573474 0.712671 0.404015
vn 0.495507 0.766005 0.409524
vn 0.647537 0.647532 0.401744
vn 0.667320 0.667319 0.330710
vn 0.588383 0.737491 0.331530
vn 0.506150 0.795289 0.333658
vn 0.416364 0.808261 0.416358
vn 0.422898 0.841292 0.336726
vn 0.428077 0.866557 0.256572
vn 0.342296 0.903701 0.257211
vn 0.514531 0.818425 0.255809
vn 0.520661 0.835497 0.175662
vn 0.431644 0.884944 0.174808
vn 0.343615 0.922898 0.173745
vn 0.600456 0.757812 0.255293
vn 0.683719 0.683713 0.255079
vn 0.696010 0.695996 0.176520
vn 0.609499 0.772937 0.176295
vn 0.615330 0.782884 0.091988
vn 0.524413 0.846580 0.091068
vn 0.704091 0.704081 0.092333
vn 0.707111 0.707103 0.000001
vn 0.617500 0.786570 0.000001
vn 0.525780 0.850620 -0.000001
vn 0.433582 0.896627 0.089814
vn 0.344048 0.934782 0.088393
vn 0.434247 0.900794 -0.000004
vn 0.344158 0.938912 -0.000002
vn 0.086965 0.962688 0.256258
vn 0.172458 0.950933 0.256876
vn 0.171108 0.970282 0.171098
vn 0.085720 0.981705 0.170019
vn 0.257310 0.931442 0.257310
vn 0.256872 0.950935 0.172452
vn 0.256249 0.962690 0.086970
vn 0.170025 0.981704 0.085720
vn 0.255998 0.966677 0.000000
vn 0.169629 0.985508 0.000000
vn 0.084834 0.992778 0.084830
vn 0.084520 0.996422 0.000000
vn 0.084834 0.992777 -0.084837
vn -0.000000 0.996422 -0.084522
vn 0.170023 0.981704 -0.085724
vn 0.171102 0.970283 -0.171099
vn 0.085723 0.981705 -0.170018
vn -0.000002 0.985509 -0.169624
vn 0.256250 0.962690 -0.086971
vn 0.344051 0.934781 -0.088395
vn 0.343619 0.922896 -0.173748
vn 0.256873 0.950935 -0.172453
vn 0.257309 0.931442 -0.257307
vn 0.172454 0.950935 -0.256871
vn 0.342301 0.903700 -0.257209
vn 0.339914 0.876881 -0.339909
vn 0.257210 0.903701 -0.342298
vn 0.173748 0.922898 -0.343616
vn 0.086972 0.962690 -0.256250
vn -0.000003 0.966677 -0.255998
vn 0.088394 0.934781 -0.344051
vn -0.000004 0.938910 -0.344163
vn 0.433581 0.896627 -0.089816
vn 0.524409 0.846582 -0.091069
vn 0.520656 0.835499 -0.175667
vn 0.431645 0.884942 -0.174813
vn 0.615330 0.782884 -0.091988
vn 0.704090 0.704082 -0.092332
vn 0.696010 0.695996 -0.176521
vn 0.609498 0.772937 -0.176297
vn 0.600453 0.757814 -0.255292
vn 0.514525 0.818429 -0.255809
vn 0.683720 0.683711 -0.255079
vn 0.667321 0.667318 -0.330710
vn 0.588381 0.737493 -0.331530
vn 0.506146 0.795294 -0.333653
vn 0.428080 0.866556 -0.256572
vn 0.422897 0.841294 -0.336724
vn 0.416360 0.808263 -0.416360
vn 0.336730 0.841292 -0.422896
vn 0.495504 0.766005 -0.409528
vn 0.483410 0.729813 -0.483412
vn 0.409528 0.766004 -0.495504
vn 0.333658 0.795292 -0.506146
vn 0.573472 0.712670 -0.404018
vn 0.647536 0.647532 -0.401745
vn 0.625183 0.625178 -0.467224
vn 0.556510 0.683582 -0.472241
vn 0.537985 0.648954 -0.537988
vn 0.472240 0.683583 -0.556510
vn 0.601141 0.601137 -0.526559
vn 0.577348 0.577352 -0.577351
vn 0.526560 0.601136 -0.601140
vn 0.467226 0.625179 -0.625182
vn 0.404020 0.712670 -0.573472
vn 0.331531 0.737491 -0.588383
vn 0.401745 0.647533 -0.647536
vn 0.330711 0.667319 -0.667320
vn 0.089813 0.896629 -0.433579
vn -0.000006 0.900795 -0.434244
vn 0.174811 0.884943 -0.431644
vn 0.175665 0.835494 -0.520665
vn 0.091071 0.846578 -0.524415
vn -0.000003 0.850621 -0.525780
vn 0.256572 0.866556 -0.428078
vn 0.255806 0.818427 -0.514530
vn 0.255287 0.757814 -0.600455
vn 0.176297 0.772938 -0.609497
vn 0.255079 0.683714 -0.683717
vn 0.176524 0.696001 -0.696005
vn 0.091992 0.782885 -0.615328
vn -0.000001 0.786571 -0.617500
vn 0.092333 0.704084 -0.704088
vn -0.000004 0.707104 -0.707110
vn -0.615330 0.782883 -0.091996
vn -0.704088 0.704084 -0.092336
vn -0.524411 0.846581 -0.091072
vn -0.520665 0.835494 -0.175662
vn -0.609498 0.772937 -0.176297
vn -0.696003 0.696003 -0.176521
vn -0.433578 0.896629 -0.089812
vn -0.344052 0.934781 -0.088391
vn -0.343617 0.922898 -0.173741
vn -0.431645 0.884944 -0.174804
vn -0.428081 0.866557 -0.256566
vn -0.514537 0.818423 -0.255805
vn -0.342296 0.903703 -0.257206
vn -0.339906 0.876883 -0.339911
vn -0.422897 0.841293 -0.336727
vn -0.506157 0.795286 -0.333655
vn -0.600454 0.757815 -0.255288
vn -0.683716 0.683716 -0.255078
vn -0.588382 0.737492 -0.331531
vn -0.667318 0.667321 -0.330710
vn -0.256252 0.962690 -0.086966
vn -0.170023 0.981705 -0.085717
vn -0.171099 0.970283 -0.171102
vn -0.256876 0.950934 -0.172450
vn -0.084833 0.992777 -0.084834
vn -0.085719 0.981705 -0.170022
vn -0.086972 0.962689 -0.256252
vn -0.172449 0.950934 -0.256876
vn -0.088394 0.934780 -0.344053
vn -0.173741 0.922899 -0.343616
vn -0.257309 0.931442 -0.257310
vn -0.257209 0.903701 -0.342297
vn -0.256572 0.866557 -0.428078
vn -0.336727 0.841292 -0.422898
vn -0.174802 0.884944 -0.431646
vn -0.175658 0.835500 -0.520657
vn -0.255808 0.818427 -0.514528
vn -0.333660 0.795290 -0.506148
vn -0.089814 0.896628 -0.433580
vn -0.091069 0.846583 -0.524407
vn -0.091986 0.782884 -0.615330
vn -0.176292 0.772938 -0.609497
vn -0.092331 0.704081 -0.704092
vn -0.176518 0.695995 -0.696011
vn -0.255294 0.757813 -0.600454
vn -0.331534 0.737490 -0.588382
vn -0.255081 0.683710 -0.683721
vn -0.330712 0.667318 -0.667320
vn -0.573475 0.712671 -0.404013
vn -0.647535 0.647535 -0.401742
vn -0.495513 0.766000 -0.409525
vn -0.483414 0.729810 -0.483413
vn -0.556514 0.683580 -0.472239
vn -0.625182 0.625178 -0.467225
vn -0.416357 0.808263 -0.416363
vn -0.409523 0.766004 -0.495508
vn -0.404016 0.712671 -0.573473
vn -0.472239 0.683582 -0.556513
vn -0.401743 0.647535 -0.647534
vn -0.467223 0.625182 -0.625180
vn -0.537989 0.648952 -0.537986
vn -0.601142 0.601136 -0.526559
vn -0.526565 0.601137 -0.601136
vn -0.577354 0.577350 -0.577347
vn -0.537991 0.537985 -0.648951
vn -0.601138 0.526561 -0.601137
vn -0.472240 0.556512 -0.683581
vn -0.483416 0.483414 -0.729808
vn -0.556515 0.472239 -0.683580
vn -0.625180 0.467224 -0.625181
vn -0.404017 0.573475 -0.712668
vn -0.331529 0.588386 -0.737489
vn -0.333653 0.506148 -0.795292
vn -0.409527 0.495508 -0.766002
vn -0.416360 0.416360 -0.808263
vn -0.495514 0.409523 -0.766001
vn -0.336723 0.422897 -0.841294
vn -0.339909 0.339913 -0.876882
vn -0.422898 0.336725 -0.841293
vn -0.506155 0.333654 -0.795288
vn -0.573473 0.404017 -0.712670
vn -0.647533 0.401745 -0.647535
vn -0.588381 0.331529 -0.737493
vn -0.667319 0.330707 -0.667321
vn -0.255282 0.600457 -0.757814
vn -0.176293 0.609497 -0.772939
vn -0.175664 0.520669 -0.835492
vn -0.255801 0.514532 -0.818427
vn -0.091997 0.615333 -0.782881
vn -0.000004 0.617506 -0.786566
vn -0.000000 0.525779 -0.850621
vn -0.091077 0.524417 -0.846577
vn -0.089811 0.433572 -0.896632
vn -0.174809 0.431642 -0.884945
vn 0.000000 0.434235 -0.900800
vn -0.000001 0.344170 -0.938907
vn -0.088392 0.344055 -0.934780
vn -0.173743 0.343617 -0.922898
vn -0.256570 0.428079 -0.866557
vn -0.257206 0.342301 -0.903701
vn -0.257311 0.257304 -0.931443
vn -0.342296 0.257201 -0.903704
vn -0.172453 0.256880 -0.950932
vn -0.171102 0.171098 -0.970283
vn -0.256886 0.172450 -0.950931
vn -0.343612 0.173742 -0.922900
vn -0.086968 0.256258 -0.962688
vn -0.000003 0.256001 -0.966677
vn -0.000005 0.169618 -0.985510
vn -0.085711 0.170013 -0.981707
vn -0.084828 0.084828 -0.992778
vn -0.170015 0.085713 -0.981707
vn -0.000007 0.084520 -0.996422
vn -0.000003 0.000003 -1.000000
vn -0.084520 0.000006 -0.996422
vn -0.169620 0.000003 -0.985510
vn -0.256261 0.086972 -0.962687
vn -0.344050 0.088394 -0.934781
vn -0.256003 -0.000000 -0.966676
vn -0.344167 0.000000 -0.938909
vn -0.600459 0.255286 -0.757811
vn -0.683715 0.255074 -0.683719
vn -0.514536 0.255812 -0.818421
vn -0.520671 0.175664 -0.835490
vn -0.609506 0.176295 -0.772931
vn -0.695999 0.176521 -0.696007
vn -0.428076 0.256573 -0.866557
vn -0.431633 0.174809 -0.884949
vn -0.433569 0.089804 -0.896634
vn -0.524419 0.091064 -0.846577
vn -0.434238 -0.000001 -0.900798
vn -0.525780 -0.000001 -0.850621
vn -0.615335 0.091996 -0.782879
vn -0.704084 0.092340 -0.704087
vn -0.617503 0.000000 -0.786569
vn -0.707107 0.000000 -0.707107
vn 0.091994 0.615332 -0.782881
vn 0.176299 0.609498 -0.772937
vn 0.175669 0.520667 -0.835492
vn 0.091070 0.524415 -0.846578
vn 0.255289 0.600453 -0.757815
vn 0.331529 0.588381 -0.737493
vn 0.333650 0.506152 -0.795291
vn 0.255810 0.514534 -0.818423
vn 0.256572 0.428081 -0.866555
vn 0.174812 0.431639 -0.884945
vn 0.336724 0.422898 -0.841293
vn 0.339913 0.339910 -0.876881
vn 0.257206 0.342298 -0.903702
vn 0.173744 0.343616 -0.922898
vn 0.089808 0.433570 -0.896634
vn 0.088392 0.344056 -0.934779
vn 0.404017 0.573474 -0.712669
vn 0.472240 0.556514 -0.683579
vn 0.483413 0.483416 -0.729809
vn 0.409525 0.495512 -0.766001
vn 0.537986 0.537990 -0.648951
vn 0.601137 0.526562 -0.601138
vn 0.625181 0.467223 -0.625181
vn 0.556514 0.472241 -0.683579
vn 0.573477 0.404013 -0.712670
vn 0.495510 0.409521 -0.766004
vn 0.647536 0.401741 -0.647536
vn 0.667319 0.330709 -0.667321
vn 0.588383 0.331526 -0.737493
vn 0.506152 0.333648 -0.795292
vn 0.416360 0.416357 -0.808264
vn 0.422901 0.336722 -0.841292
vn 0.428085 0.256575 -0.866552
vn 0.342299 0.257209 -0.903701
vn 0.514534 0.255809 -0.818424
vn 0.520667 0.175668 -0.835492
vn 0.431647 0.174808 -0.884942
vn 0.343615 0.173741 -0.922899
vn 0.600452 0.255290 -0.757816
vn 0.683716 0.255080 -0.683716
vn 0.696005 0.176520 -0.696002
vn 0.609497 0.176297 -0.772937
vn 0.615332 0.091998 -0.782881
vn 0.524414 0.091075 -0.846579
vn 0.704087 0.092338 -0.704085
vn 0.707107 0.000000 -0.707107
vn 0.617506 0.000001 -0.786566
vn 0.525778 0.000003 -0.850622
vn 0.433575 0.089809 -0.896631
vn 0.344055 0.088391 -0.934780
vn 0.434236 0.000004 -0.900799
vn 0.344169 0.000002 -0.938908
vn 0.086970 0.256258 -0.962688
vn 0.172455 0.256881 -0.950932
vn 0.171105 0.171103 -0.970282
vn 0.085713 0.170018 -0.981706
vn 0.257308 0.257309 -0.931442
vn 0.256880 0.172453 -0.950933
vn 0.256260 0.086973 -0.962687
vn 0.170020 0.085720 -0.981705
vn 0.256008 -0.000000 -0.966675
vn 0.169622 0.000000 -0.985509
vn 0.084824 0.084832 -0.992778
vn 0.084511 0.000000 -0.996423
vn 0.084824 -0.084832 -0.992778
vn -0.000000 -0.084520 -0.996422
vn 0.170019 -0.085719 -0.981706
vn 0.171102 -0.171100 -0.970283
vn 0.085710 -0.170017 -0.981707
vn -0.000002 -0.169622 -0.985509
vn 0.256263 -0.086973 -0.962686
vn 0.344053 -0.088394 -0.934780
vn 0.343616 -0.173744 -0.922898
vn 0.256886 -0.172451 -0.950931
vn 0.257312 -0.257313 -0.931440
vn 0.172456 -0.256884 -0.950931
vn 0.342299 -0.257207 -0.903701
vn 0.339911 -0.339907 -0.876883
vn 0.257206 -0.342295 -0.903703
vn 0.173746 -0.343616 -0.922898
vn 0.086966 -0.256257 -0.962688
vn -0.000003 -0.256001 -0.966676
vn 0.088389 -0.344059 -0.934778
vn 0.000001 -0.344170 -0.938907
vn 0.433568 -0.089807 -0.896634
vn 0.524417 -0.091067 -0.846578
vn 0.520667 -0.175669 -0.835492
vn 0.431635 -0.174814 -0.884947
vn 0.615336 -0.091994 -0.782878
vn 0.704086 -0.092336 -0.704086
vn 0.696005 -0.176518 -0.696002
vn 0.609503 -0.176294 -0.772934
vn 0.600454 -0.255293 -0.757813
vn 0.514530 -0.255815 -0.818424
vn 0.683718 -0.255081 -0.683713
vn 0.667321 -0.330710 -0.667318
vn 0.588383 -0.331529 -0.737492
vn 0.506149 -0.333649 -0.795294
vn 0.428079 -0.256575 -0.866555
vn 0.422901 -0.336721 -0.841293
vn 0.416360 -0.416357 -0.808264
vn 0.336725 -0.422899 -0.841292
vn 0.495508 -0.409522 -0.766005
vn 0.483412 -0.483416 -0.729809
vn 0.409522 -0.495512 -0.766002
vn 0.333650 -0.506157 -0.795288
vn 0.573479 -0.404015 -0.712667
vn 0.647535 -0.401742 -0.647536
vn 0.625180 -0.467223 -0.625182
vn 0.556518 -0.472240 -0.683577
vn 0.537989 -0.537988 -0.648951
vn 0.472239 -0.556515 -0.683580
vn 0.601139 -0.526559 -0.601139
vn 0.577347 -0.577355 -0.577349
vn 0.526561 -0.601141 -0.601135
vn 0.467224 -0.625181 -0.625180
vn 0.404014 -0.573474 -0.712671
vn 0.331527 -0.588379 -0.737496
vn 0.401743 -0.647535 -0.647534
vn 0.330711 -0.667319 -0.667319
vn 0.089804 -0.433571 -0.896634
vn 0.000005 -0.434236 -0.900799
vn 0.174809 -0.431638 -0.884947
vn 0.175666 -0.520669 -0.835491
vn 0.091067 -0.524415 -0.846579
vn 0.000003 -0.525779 -0.850621
vn 0.256574 -0.428078 -0.866556
vn 0.255814 -0.514538 -0.818419
vn 0.255292 -0.600451 -0.757815
vn 0.176296 -0.609500 -0.772936
vn 0.255080 -0.683714 -0.683717
vn 0.176522 -0.696000 -0.696005
vn 0.091992 -0.615334 -0.782880
vn -0.000001 -0.617507 -0.786565
vn 0.092333 -0.704081 -0.704091
vn -0.000005 -0.707101 -0.707112
vn -0.615331 -0.091995 -0.782882
vn -0.704087 -0.092339 -0.704084
vn -0.524416 -0.091070 -0.846578
vn -0.520668 -0.175664 -0.835492
vn -0.609499 -0.176293 -0.772937
vn -0.696006 -0.176517 -0.696001
vn -0.433573 -0.089809 -0.896632
vn -0.344052 -0.088393 -0.934780
vn -0.343617 -0.173740 -0.922899
vn -0.431641 -0.174808 -0.884946
vn -0.428080 -0.256569 -0.866556
vn -0.514532 -0.255805 -0.818426
vn -0.342301 -0.257203 -0.903702
vn -0.339911 -0.339915 -0.876880
vn -0.422898 -0.336726 -0.841293
vn -0.506150 -0.333653 -0.795291
vn -0.600454 -0.255287 -0.757815
vn -0.683717 -0.255077 -0.683715
vn -0.588383 -0.331529 -0.737492
vn -0.667320 -0.330712 -0.667318
vn -0.256259 -0.086969 -0.962688
vn -0.170019 -0.085713 -0.981706
vn -0.171100 -0.171104 -0.970282
vn -0.256882 -0.172450 -0.950933
vn -0.084829 -0.084829 -0.992778
vn -0.085715 -0.170022 -0.981705
vn -0.086971 -0.256256 -0.962688
vn -0.172449 -0.256880 -0.950933
vn -0.088391 -0.344051 -0.934781
vn -0.173742 -0.343612 -0.922900
vn -0.257306 -0.257308 -0.931443
vn -0.257206 -0.342300 -0.903701
vn -0.256578 -0.428082 -0.866553
vn -0.336722 -0.422902 -0.841292
vn -0.174814 -0.431638 -0.884946
vn -0.175668 -0.520669 -0.835491
vn -0.255816 -0.514530 -0.818423
vn -0.333649 -0.506150 -0.795293
vn -0.089804 -0.433570 -0.896634
vn -0.091066 -0.524419 -0.846577
vn -0.091991 -0.615337 -0.782878
vn -0.176292 -0.609503 -0.772934
vn -0.092335 -0.704084 -0.704088
vn -0.176517 -0.696006 -0.696001
vn -0.255292 -0.600454 -0.757814
vn -0.331528 -0.588380 -0.737494
vn -0.255076 -0.683719 -0.683714
vn -0.330708 -0.667319 -0.667321
vn -0.573476 -0.404016 -0.712668
vn -0.647537 -0.401743 -0.647532
vn -0.495508 -0.409523 -0.766004
vn -0.483412 -0.483417 -0.729809
vn -0.556515 -0.472241 -0.683579
vn -0.625184 -0.467222 -0.625179
vn -0.416357 -0.416360 -0.808264
vn -0.409521 -0.495510 -0.766004
vn -0.404014 -0.573474 -0.712671
vn -0.472238 -0.556514 -0.683581
vn -0.401744 -0.647532 -0.647537
vn -0.467223 -0.625179 -0.625183
vn -0.537985 -0.537989 -0.648953
vn -0.601140 -0.526560 -0.601136
vn -0.526560 -0.601137 -0.601139
vn -0.577350 -0.577351 -0.577349
vn -0.537988 -0.648954 -0.537984
vn -0.601138 -0.601140 -0.526559
vn -0.472239 -0.683585 -0.556509
vn -0.483412 -0.729815 -0.483407
vn -0.556512 -0.683586 -0.472235
vn -0.625179 -0.625185 -0.467221
vn -0.404021 -0.712671 -0.573469
vn -0.331525 -0.737495 -0.588381
vn -0.333655 -0.795291 -0.506149
vn -0.409531 -0.766003 -0.495504
vn -0.416365 -0.808260 -0.416360
vn -0.495510 -0.766003 -0.409523
vn -0.336730 -0.841291 -0.422898
vn -0.339913 -0.876880 -0.339913
vn -0.422902 -0.841289 -0.336730
vn -0.506154 -0.795287 -0.333657
vn -0.573469 -0.712675 -0.404015
vn -0.647533 -0.647537 -0.401742
vn -0.588379 -0.737495 -0.331528
vn -0.667320 -0.667321 -0.330706
vn -0.255282 -0.757817 -0.600454
vn -0.176296 -0.772939 -0.609496
vn -0.175662 -0.835494 -0.520666
vn -0.255800 -0.818425 -0.514536
vn -0.091997 -0.782882 -0.615331
vn -0.000005 -0.786569 -0.617502
vn -0.000002 -0.850625 -0.525772
vn -0.091074 -0.846582 -0.524409
vn -0.089811 -0.896629 -0.433578
vn -0.174801 -0.884943 -0.431648
vn -0.000000 -0.900796 -0.434242
vn -0.000002 -0.938908 -0.344169
vn -0.088386 -0.934779 -0.344060
vn -0.173736 -0.922896 -0.343626
vn -0.256568 -0.866555 -0.428082
vn -0.257211 -0.903699 -0.342303
vn -0.257316 -0.931441 -0.257306
vn -0.342297 -0.903702 -0.257209
vn -0.172445 -0.950936 -0.256873
vn -0.171095 -0.970285 -0.171093
vn -0.256883 -0.950934 -0.172443
vn -0.343613 -0.922901 -0.173735
vn -0.086961 -0.962690 -0.256251
vn -0.000006 -0.966676 -0.256002
vn -0.000007 -0.985509 -0.169625
vn -0.085716 -0.981706 -0.170018
vn -0.084833 -0.992777 -0.084838
vn -0.170019 -0.981705 -0.085722
vn -0.000002 -0.996421 -0.084524
vn 0.000000 -1.000000 0.000000
vn -0.084523 -0.996422 0.000003
vn -0.169627 -0.985508 0.000005
vn -0.256260 -0.962687 -0.086970
vn -0.344052 -0.934781 -0.088389
vn -0.256004 -0.966676 0.000002
vn -0.344165 -0.938909 -0.000001
vn -0.600455 -0.757815 -0.255286
vn -0.683715 -0.683718 -0.255076
vn -0.514539 -0.818420 -0.255810
vn -0.520672 -0.835490 -0.175662
vn -0.609499 -0.772936 -0.176297
vn -0.696001 -0.696005 -0.176521
vn -0.428083 -0.866553 -0.256576
vn -0.431644 -0.884945 -0.174800
vn -0.433576 -0.896631 -0.089806
vn -0.524414 -0.846579 -0.091070
vn -0.434241 -0.900797 -0.000001
vn -0.525775 -0.850623 -0.000000
vn -0.615331 -0.782882 -0.091999
vn -0.704087 -0.704084 -0.092338
vn -0.617502 -0.786569 -0.000000
vn -0.707111 -0.707103 -0.000000
vn 0.091995 -0.782884 -0.615328
vn 0.176300 -0.772939 -0.609495
vn 0.175665 -0.835495 -0.520662
vn 0.091073 -0.846583 -0.524407
vn 0.255289 -0.757817 -0.600450
vn 0.331529 -0.737494 -0.588380
vn 0.333652 -0.795289 -0.506154
vn 0.255805 -0.818424 -0.514535
vn 0.256569 -0.866554 -0.428084
vn 0.174802 -0.884943 -0.431648
vn 0.336728 -0.841291 -0.422898
vn 0.339914 -0.876880 -0.339913
vn 0.257210 -0.903699 -0.342302
vn 0.173738 -0.922896 -0.343625
vn 0.089811 -0.896630 -0.433578
vn 0.088388 -0.934778 -0.344061
vn 0.404015 -0.712671 -0.573474
vn 0.472241 -0.683580 -0.556513
vn 0.483412 -0.729809 -0.483416
vn 0.409524 -0.766002 -0.495510
vn 0.537987 -0.648952 -0.537988
vn 0.601135 -0.601140 -0.526563
vn 0.625181 -0.625180 -0.467225
vn 0.556511 -0.683579 -0.472245
vn 0.573472 -0.712673 -0.404013
vn 0.495507 -0.766006 -0.409520
vn 0.647537 -0.647533 -0.401742
vn 0.667319 -0.667321 -0.330709
vn 0.588378 -0.737498 -0.331524
vn 0.506153 -0.795290 -0.333650
vn 0.416360 -0.808265 -0.416356
vn 0.422901 -0.841290 -0.336728
vn 0.428085 -0.866551 -0.256578
vn 0.342299 -0.903699 -0.257214
vn 0.514539 -0.818419 -0.255812
vn 0.520672 -0.835489 -0.175667
vn 0.431647 -0.884942 -0.174808
vn 0.343614 -0.922900 -0.173739
vn 0.600450 -0.757817 -0.255289
vn 0.683714 -0.683718 -0.255077
vn 0.696002 -0.696004 -0.176519
vn 0.609499 -0.772937 -0.176296
vn 0.615332 -0.782881 -0.091996
vn 0.524417 -0.846577 -0.091070
vn 0.704085 -0.704086 -0.092336
vn 0.707109 -0.707104 0.000002
vn 0.617504 -0.786568 0.000000
vn 0.525777 -0.850623 0.000003
vn 0.433577 -0.896631 -0.089803
vn 0.344050 -0.934782 -0.088383
vn 0.434239 -0.900797 0.000006
vn 0.344164 -0.938909 0.000003
vn 0.086964 -0.962689 -0.256256
vn 0.172449 -0.950934 -0.256879
vn 0.171097 -0.970286 -0.171088
vn 0.085719 -0.981707 -0.170013
vn 0.257312 -0.931440 -0.257312
vn 0.256876 -0.950936 -0.172443
vn 0.256253 -0.962690 -0.086964
vn 0.170019 -0.981706 -0.085719
vn 0.256003 -0.966676 0.000000
vn 0.169627 -0.985508 0.000000
vn 0.084837 -0.992777 -0.084834
vn 0.084524 -0.996421 -0.000000
vn 0.084837 -0.992776 0.084839
vn -0.000000 -0.996421 0.084526
vn 0.170018 -0.981705 0.085723
vn 0.171095 -0.970286 0.171091
vn 0.085721 -0.981706 0.170015
vn -0.000002 -0.985509 0.169624
vn 0.256254 -0.962689 0.086968
vn 0.344053 -0.934781 0.088387
vn 0.343617 -0.922899 0.173740
vn 0.256877 -0.950935 0.172444
vn 0.257310 -0.931441 0.257310
vn 0.172449 -0.950934 0.256876
vn 0.342301 -0.903699 0.257210
vn 0.339912 -0.876882 0.339910
vn 0.257212 -0.903700 0.342300
vn 0.173744 -0.922899 0.343613
vn 0.086967 -0.962690 0.256253
vn -0.000004 -0.966677 0.256001
vn 0.088386 -0.934782 0.344051
vn -0.000005 -0.938909 0.344167
vn 0.433577 -0.896630 0.089805
vn 0.524413 -0.846580 0.091070
vn 0.520668 -0.835492 0.175664
vn 0.431644 -0.884944 0.174807
vn 0.615332 -0.782881 0.091997
vn 0.704089 -0.704083 0.092336
vn 0.696006 -0.696001 0.176519
vn 0.609500 -0.772936 0.176295
vn 0.600453 -0.757815 0.255288
vn 0.514533 -0.818423 0.255812
vn 0.683718 -0.683715 0.255075
vn 0.667321 -0.667320 0.330706
vn 0.588379 -0.737497 0.331525
vn 0.506153 -0.795292 0.333648
vn 0.428082 -0.866553 0.256577
vn 0.422900 -0.841294 0.336719
vn 0.416358 -0.808262 0.416362
vn 0.336723 -0.841292 0.422902
vn 0.495510 -0.766003 0.409523
vn 0.483410 -0.729808 0.483420
vn 0.409523 -0.766000 0.495515
vn 0.333652 -0.795289 0.506154
vn 0.573471 -0.712673 0.404015
vn 0.647535 -0.647534 0.401743
vn 0.625178 -0.625183 0.467225
vn 0.556510 -0.683580 0.472245
vn 0.537984 -0.648954 0.537988
vn 0.472238 -0.683584 0.556510
vn 0.601133 -0.601142 0.526563
vn 0.404020 -0.712674 0.573466
vn 0.331528 -0.737499 0.588374
vn 0.089803 -0.896630 0.433577
vn -0.000007 -0.900797 0.434241
vn 0.174812 -0.884942 0.431646
vn 0.175669 -0.835490 0.520669
vn 0.091068 -0.846578 0.524416
vn -0.000004 -0.850624 0.525775
vn 0.256578 -0.866552 0.428083
vn 0.255813 -0.818421 0.514535
vn 0.255289 -0.757818 0.600450
vn 0.176297 -0.772936 0.609499
vn 0.091994 -0.782881 0.615332
vn -0.000001 -0.786569 0.617503
vn -0.615333 -0.782880 0.091995
vn -0.704088 -0.704084 0.092337
vn -0.524413 -0.846580 0.091067
vn -0.520670 -0.835491 0.175663
vn -0.609500 -0.772936 0.176297
vn -0.696002 -0.696005 0.176517
vn -0.433575 -0.896632 0.089805
vn -0.344053 -0.934781 0.088389
vn -0.343613 -0.922901 0.173737
vn -0.431641 -0.884947 0.174801
vn -0.428081 -0.866553 0.256577
vn -0.514538 -0.818420 0.255812
vn -0.342295 -0.903702 0.257209
vn -0.339912 -0.876881 0.339912
vn -0.422900 -0.841290 0.336729
vn -0.506150 -0.795291 0.333653
vn -0.600454 -0.757816 0.255286
vn -0.683715 -0.683719 0.255075
vn -0.588379 -0.737497 0.331525
vn -0.667321 -0.667319 0.330709
vn -0.256252 -0.962690 0.086969
vn -0.170018 -0.981705 0.085723
vn -0.171095 -0.970285 0.171096
vn -0.256873 -0.950935 0.172448
vn -0.084840 -0.992776 0.084839
vn -0.085724 -0.981705 0.170019
vn -0.086970 -0.962690 0.256251
vn -0.172448 -0.950936 0.256873
vn -0.088386 -0.934781 0.344054
vn -0.173738 -0.922901 0.343612
vn -0.257307 -0.931443 0.257307
vn -0.257211 -0.903702 0.342294
vn -0.256578 -0.866550 0.428087
vn -0.336728 -0.841290 0.422902
vn -0.174802 -0.884943 0.431649
vn -0.175665 -0.835491 0.520669
vn -0.255812 -0.818420 0.514538
vn -0.333650 -0.795289 0.506155
vn -0.089804 -0.896630 0.433578
vn -0.091070 -0.846581 0.524412
vn -0.091996 -0.782881 0.615332
vn -0.176297 -0.772937 0.609497
vn -0.255289 -0.757819 0.600448
vn -0.331526 -0.737498 0.588376
vn -0.573472 -0.712670 0.404018
vn -0.647535 -0.647533 0.401745
vn -0.495507 -0.766005 0.409523
vn -0.483415 -0.729808 0.483416
vn -0.556514 -0.683578 0.472244
vn -0.625177 -0.625181 0.467227
vn -0.416358 -0.808265 0.416358
vn -0.409520 -0.766005 0.495510
vn -0.404014 -0.712672 0.573473
vn -0.472241 -0.683580 0.556513
vn -0.537990 -0.648950 0.537988
vn -0.601134 -0.601142 0.526561
vn 0.648949 -0.537985 0.537993
vn 0.683580 -0.556514 0.472239
vn 0.729812 -0.483410 0.483414
vn 0.683580 -0.472236 0.556518
vn 0.712672 -0.573474 0.404012
vn 0.737496 -0.588380 0.331525
vn 0.795292 -0.506151 0.333650
vn 0.766006 -0.495506 0.409521
vn 0.808263 -0.416361 0.416358
vn 0.766003 -0.409523 0.495510
vn 0.841291 -0.422902 0.336723
vn 0.876881 -0.339915 0.339910
vn 0.841291 -0.336725 0.422902
vn 0.795290 -0.333650 0.506153
vn 0.712670 -0.404016 0.573475
vn 0.737494 -0.331528 0.588380
vn 0.757813 -0.600456 0.255289
vn 0.772933 -0.609504 0.176295
vn 0.835490 -0.520669 0.175668
vn 0.818422 -0.514533 0.255815
vn 0.782879 -0.615336 0.091993
vn 0.786566 -0.617506 0.000005
vn 0.850620 -0.525780 0.000003
vn 0.846577 -0.524418 0.091066
vn 0.896634 -0.433571 0.089805
vn 0.884946 -0.431638 0.174812
vn 0.900799 -0.434236 0.000001
vn 0.938907 -0.344171 -0.000000
vn 0.934779 -0.344057 0.088391
vn 0.922898 -0.343615 0.173745
vn 0.866554 -0.428081 0.256576
vn 0.903702 -0.342299 0.257204
vn 0.931444 -0.257304 0.257307
vn 0.903704 -0.257198 0.342298
vn 0.950931 -0.256880 0.172459
vn 0.970282 -0.171100 0.171105
vn 0.950931 -0.172453 0.256884
vn 0.922898 -0.173740 0.343617
vn 0.962687 -0.256261 0.086972
vn 0.966675 -0.256007 -0.000002
vn 0.985510 -0.169615 0.000002
vn 0.981707 -0.170010 0.085717
vn 0.992778 -0.084826 0.084830
vn 0.981707 -0.085713 0.170015
vn 0.996422 -0.084516 0.000007
vn 1.000000 -0.000003 0.000003
vn 0.996422 -0.000006 0.084520
vn 0.985509 -0.000003 0.169620
vn 0.962687 -0.086973 0.256261
vn 0.934779 -0.088398 0.344056
vn 0.966676 0.000001 0.256002
vn 0.938908 -0.000002 0.344168
vn 0.757815 -0.255288 0.600453
vn 0.818424 -0.255810 0.514533
vn 0.835494 -0.175667 0.520664
vn 0.772934 -0.176296 0.609502
vn 0.866556 -0.256567 0.428082
vn 0.884947 -0.174807 0.431637
vn 0.896634 -0.089810 0.433570
vn 0.846580 -0.091066 0.524413
vn 0.900798 -0.000004 0.434239
vn 0.850622 -0.000002 0.525778
vn 0.782880 -0.091995 0.615334
vn 0.786569 -0.000000 0.617502
vn 0.782878 -0.615337 -0.091992
vn 0.772933 -0.609503 -0.176297
vn 0.835491 -0.520668 -0.175670
vn 0.846579 -0.524415 -0.091065
vn 0.757813 -0.600455 -0.255290
vn 0.737494 -0.588380 -0.331529
vn 0.795290 -0.506154 -0.333650
vn 0.818422 -0.514534 -0.255813
vn 0.866556 -0.428079 -0.256571
vn 0.884947 -0.431635 -0.174813
vn 0.841292 -0.422900 -0.336724
vn 0.876882 -0.339909 -0.339913
vn 0.903704 -0.342296 -0.257200
vn 0.922899 -0.343612 -0.173745
vn 0.896634 -0.433569 -0.089804
vn 0.934780 -0.344054 -0.088393
vn 0.712671 -0.573473 -0.404016
vn 0.683582 -0.556513 -0.472239
vn 0.729811 -0.483416 -0.483410
vn 0.766001 -0.495511 -0.409526
vn 0.648951 -0.537988 -0.537988
vn 0.683578 -0.472241 -0.556515
vn 0.712668 -0.404014 -0.573477
vn 0.766005 -0.409523 -0.495507
vn 0.737493 -0.331525 -0.588383
vn 0.795293 -0.333647 -0.506151
vn 0.808262 -0.416358 -0.416363
vn 0.841292 -0.336720 -0.422903
vn 0.866552 -0.256575 -0.428086
vn 0.903701 -0.257207 -0.342298
vn 0.818424 -0.255810 -0.514533
vn 0.835492 -0.175669 -0.520667
vn 0.884943 -0.174809 -0.431646
vn 0.922899 -0.173742 -0.343614
vn 0.757816 -0.255290 -0.600452
vn 0.772937 -0.176297 -0.609498
vn 0.782881 -0.091996 -0.615333
vn 0.846579 -0.091073 -0.524414
vn 0.786566 -0.000000 -0.617505
vn 0.850622 -0.000003 -0.525778
vn 0.896631 -0.089808 -0.433574
vn 0.934780 -0.088391 -0.344055
vn 0.900799 -0.000004 -0.434236
vn 0.938908 -0.000002 -0.344169
vn 0.962687 -0.256261 -0.086975
vn 0.950931 -0.256882 -0.172457
vn 0.970281 -0.171104 -0.171107
vn 0.981706 -0.170018 -0.085720
vn 0.931444 -0.257308 -0.257302
vn 0.950933 -0.172454 -0.256877
vn 0.962687 -0.086976 -0.256260
vn 0.981705 -0.085724 -0.170021
vn 0.966675 0.000000 -0.256009
vn 0.985509 -0.000000 -0.169623
vn 0.992778 -0.084831 -0.084827
vn 0.996422 -0.000000 -0.084512
vn 0.992778 0.084831 -0.084828
vn 0.996422 0.084515 -0.000000
vn 0.981705 0.085725 -0.170021
vn 0.970281 0.171104 -0.171107
vn 0.981705 0.170019 -0.085721
vn 0.985509 0.169622 0.000001
vn 0.962686 0.086979 -0.256261
vn 0.934781 0.088396 -0.344051
vn 0.922899 0.173744 -0.343612
vn 0.950932 0.172454 -0.256880
vn 0.931444 0.257306 -0.257305
vn 0.950932 0.256879 -0.172458
vn 0.903703 0.257203 -0.342297
vn 0.876883 0.339907 -0.339911
vn 0.903705 0.342293 -0.257202
vn 0.922899 0.343612 -0.173745
vn 0.962687 0.256259 -0.086975
vn 0.966675 0.256008 0.000003
vn 0.934779 0.344057 -0.088391
vn 0.938907 0.344171 0.000000
vn 0.896634 0.089807 -0.433569
vn 0.846577 0.091068 -0.524418
vn 0.835490 0.175670 -0.520669
vn 0.884947 0.174814 -0.431635
vn 0.782878 0.091996 -0.615336
vn 0.772933 0.176296 -0.609503
vn 0.757812 0.255290 -0.600456
vn 0.818422 0.255815 -0.514532
vn 0.737492 0.331527 -0.588383
vn 0.795293 0.333650 -0.506150
vn 0.866555 0.256574 -0.428080
vn 0.841291 0.336721 -0.422904
vn 0.808262 0.416357 -0.416364
vn 0.841292 0.422899 -0.336725
vn 0.766005 0.409521 -0.495508
vn 0.729809 0.483415 -0.483413
vn 0.766000 0.495511 -0.409527
vn 0.795289 0.506156 -0.333649
vn 0.712668 0.404014 -0.573477
vn 0.683579 0.472241 -0.556515
vn 0.648952 0.537989 -0.537985
vn 0.683579 0.556516 -0.472239
vn 0.712668 0.573476 -0.404018
vn 0.737493 0.588383 -0.331526
vn 0.896634 0.433569 -0.089803
vn 0.900800 0.434234 -0.000003
vn 0.884947 0.431637 -0.174809
vn 0.835491 0.520669 -0.175668
vn 0.846579 0.524415 -0.091067
vn 0.850622 0.525778 -0.000000
vn 0.866556 0.428079 -0.256571
vn 0.818421 0.514537 -0.255810
vn 0.757813 0.600455 -0.255288
vn 0.772934 0.609502 -0.176298
vn 0.782879 0.615335 -0.091994
vn 0.786566 0.617506 0.000002
vn 0.782882 0.091999 0.615331
vn 0.846578 0.091074 0.524415
vn 0.835492 0.175672 0.520666
vn 0.772938 0.176299 0.609496
vn 0.896631 0.089814 0.433573
vn 0.934780 0.088396 0.344054
vn 0.922898 0.173742 0.343618
vn 0.884943 0.174812 0.431644
vn 0.866554 0.256566 0.428086
vn 0.818426 0.255803 0.514533
vn 0.903702 0.257201 0.342301
vn 0.876880 0.339914 0.339912
vn 0.841291 0.336724 0.422902
vn 0.795293 0.333648 0.506151
vn 0.757818 0.255284 0.600452
vn 0.737495 0.331524 0.588382
vn 0.962688 0.086971 0.256258
vn 0.981706 0.085715 0.170021
vn 0.970281 0.171105 0.171105
vn 0.950933 0.172453 0.256880
vn 0.992778 0.084827 0.084832
vn 0.981705 0.170021 0.085720
vn 0.962687 0.256261 0.086974
vn 0.950933 0.256879 0.172453
vn 0.934781 0.344051 0.088391
vn 0.922900 0.343612 0.173743
vn 0.931444 0.257305 0.257305
vn 0.903702 0.342299 0.257205
vn 0.866553 0.428085 0.256572
vn 0.841293 0.422901 0.336720
vn 0.884942 0.431645 0.174814
vn 0.835490 0.520669 0.175670
vn 0.818426 0.514531 0.255805
vn 0.795293 0.506151 0.333647
vn 0.896632 0.433573 0.089807
vn 0.846576 0.524418 0.091074
vn 0.782882 0.615331 0.091998
vn 0.772940 0.609495 0.176295
vn 0.757817 0.600452 0.255284
vn 0.737492 0.588383 0.331527
vn 0.712669 0.404016 0.573476
vn 0.766005 0.409521 0.495509
vn 0.729810 0.483414 0.483414
vn 0.683579 0.472239 0.556516
vn 0.808265 0.416357 0.416359
vn 0.766002 0.495510 0.409525
vn 0.712667 0.573476 0.404018
vn 0.683580 0.556516 0.472238
vn 0.648953 0.537988 0.537986
vn -0.648951 -0.537986 -0.537990
vn -0.683579 -0.556515 -0.472240
vn -0.729812 -0.483410 -0.483414
vn -0.683581 -0.472236 -0.556516
vn -0.712671 -0.573476 -0.404012
vn -0.737491 -0.588384 -0.331527
vn -0.795288 -0.506153 -0.333655
vn -0.766005 -0.495507 -0.409523
vn -0.808264 -0.416355 -0.416363
vn -0.766005 -0.409521 -0.495508
vn -0.841293 -0.422896 -0.336728
vn -0.876880 -0.339910 -0.339915
vn -0.841291 -0.336724 -0.422902
vn -0.795293 -0.333651 -0.506148
vn -0.712670 -0.404016 -0.573474
vn -0.737494 -0.331530 -0.588380
vn -0.757812 -0.600458 -0.255287
vn -0.772936 -0.609501 -0.176293
vn -0.835491 -0.520670 -0.175664
vn -0.818424 -0.514535 -0.255805
vn -0.782879 -0.615334 -0.091997
vn -0.786565 -0.617508 0.000001
vn -0.850620 -0.525782 0.000002
vn -0.846576 -0.524418 -0.091076
vn -0.896632 -0.433573 -0.089811
vn -0.884945 -0.431642 -0.174809
vn -0.900799 -0.434237 0.000000
vn -0.938907 -0.344171 0.000000
vn -0.934779 -0.344057 -0.088394
vn -0.922898 -0.343615 -0.173745
vn -0.866557 -0.428079 -0.256569
vn -0.903703 -0.342297 -0.257204
vn -0.931443 -0.257306 -0.257307
vn -0.903702 -0.257207 -0.342297
vn -0.950932 -0.256880 -0.172458
vn -0.970282 -0.171100 -0.171105
vn -0.950932 -0.172454 -0.256879
vn -0.922900 -0.173744 -0.343611
vn -0.962688 -0.256257 -0.086971
vn -0.966677 -0.256000 0.000002
vn -0.985510 -0.169615 -0.000002
vn -0.981708 -0.170010 -0.085713
vn -0.992778 -0.084828 -0.084828
vn -0.981707 -0.085713 -0.170015
vn -0.996422 -0.084520 -0.000007
vn -1.000000 -0.000003 -0.000003
vn -0.996422 -0.000006 -0.084520
vn -0.985510 -0.000003 -0.169620
vn -0.962688 -0.086970 -0.256257
vn -0.934782 -0.088390 -0.344050
vn -0.966676 0.000001 -0.256002
vn -0.938908 0.000001 -0.344167
vn -0.757814 -0.255288 -0.600454
vn -0.818423 -0.255816 -0.514532
vn -0.835490 -0.175668 -0.520670
vn -0.772934 -0.176294 -0.609503
vn -0.866553 -0.256580 -0.428081
vn -0.884945 -0.174812 -0.431639
vn -0.896633 -0.089801 -0.433572
vn -0.846577 -0.091063 -0.524418
vn -0.900798 0.000001 -0.434239
vn -0.850621 0.000000 -0.525779
vn -0.782879 -0.091995 -0.615335
vn -0.786569 0.000000 -0.617503
vn -0.782880 -0.615333 0.091997
vn -0.772939 -0.609497 0.176292
vn -0.835490 -0.520671 0.175667
vn -0.846576 -0.524418 0.091075
vn -0.757817 -0.600452 0.255286
vn -0.737494 -0.588380 0.331529
vn -0.795290 -0.506153 0.333650
vn -0.818424 -0.514535 0.255805
vn -0.866554 -0.428085 0.256570
vn -0.884942 -0.431647 0.174812
vn -0.841292 -0.422900 0.336724
vn -0.876881 -0.339910 0.339912
vn -0.903703 -0.342296 0.257205
vn -0.922899 -0.343613 0.173745
vn -0.896631 -0.433576 0.089810
vn -0.934780 -0.344054 0.088392
vn -0.712671 -0.573474 0.404015
vn -0.683579 -0.556515 0.472240
vn -0.729810 -0.483416 0.483411
vn -0.766002 -0.495511 0.409524
vn -0.648949 -0.537990 0.537989
vn -0.683578 -0.472240 0.556517
vn -0.712668 -0.404014 0.573478
vn -0.766005 -0.409522 0.495508
vn -0.737493 -0.331524 0.588384
vn -0.795293 -0.333647 0.506151
vn -0.808264 -0.416358 0.416360
vn -0.841292 -0.336722 0.422902
vn -0.866552 -0.256574 0.428086
vn -0.903701 -0.257207 0.342298
vn -0.818424 -0.255809 0.514534
vn -0.835492 -0.175668 0.520667
vn -0.884943 -0.174808 0.431646
vn -0.922899 -0.173741 0.343615
vn -0.757816 -0.255290 0.600451
vn -0.772938 -0.176297 0.609497
vn -0.782881 -0.091997 0.615332
vn -0.846579 -0.091073 0.524414
vn -0.786566 -0.000000 0.617505
vn -0.850622 -0.000003 0.525778
vn -0.896631 -0.089809 0.433574
vn -0.934780 -0.088391 0.344055
vn -0.900799 -0.000004 0.434236
vn -0.938908 -0.000002 0.344169
vn -0.962688 -0.256256 0.086971
vn -0.950932 -0.256879 0.172456
vn -0.970282 -0.171103 0.171106
vn -0.981706 -0.170018 0.085714
vn -0.931443 -0.257307 0.257306
vn -0.950933 -0.172453 0.256878
vn -0.962687 -0.086975 0.256260
vn -0.981705 -0.085723 0.170020
vn -0.966675 0.000000 0.256008
vn -0.985509 0.000000 0.169623
vn -0.992778 -0.084833 0.084825
vn -0.996422 0.000000 0.084512
vn -0.992778 0.084830 0.084827
vn -0.996422 0.084515 0.000000
vn -0.981706 0.085720 0.170019
vn -0.970282 0.171104 0.171102
vn -0.981706 0.170019 0.085718
vn -0.985509 0.169622 -0.000001
vn -0.962686 0.086973 0.256263
vn -0.934780 0.088394 0.344053
vn -0.922898 0.173744 0.343616
vn -0.950931 0.172454 0.256884
vn -0.931441 0.257313 0.257308
vn -0.950931 0.256884 0.172456
vn -0.903701 0.257207 0.342298
vn -0.876881 0.339912 0.339910
vn -0.903703 0.342296 0.257206
vn -0.922899 0.343611 0.173748
vn -0.962687 0.256260 0.086973
vn -0.966675 0.256008 -0.000003
vn -0.934780 0.344054 0.088391
vn -0.938908 0.344169 -0.000002
vn -0.896634 0.089807 0.433569
vn -0.846577 0.091066 0.524417
vn -0.835492 0.175665 0.520668
vn -0.884949 0.174811 0.431632
vn -0.782879 0.091994 0.615336
vn -0.772932 0.176294 0.609505
vn -0.757810 0.255292 0.600459
vn -0.818423 0.255815 0.514531
vn -0.737491 0.331529 0.588384
vn -0.795291 0.333654 0.506149
vn -0.866557 0.256576 0.428074
vn -0.841293 0.336726 0.422896
vn -0.808265 0.416357 0.416358
vn -0.841294 0.422897 0.336723
vn -0.766005 0.409521 0.495509
vn -0.729809 0.483415 0.483413
vn -0.766002 0.495510 0.409524
vn -0.795292 0.506152 0.333648
vn -0.712669 0.404014 0.573476
vn -0.683579 0.472241 0.556514
vn -0.648954 0.537988 0.537985
vn -0.683580 0.556515 0.472239
vn -0.712668 0.573475 0.404019
vn -0.737494 0.588381 0.331527
vn -0.896634 0.433569 0.089803
vn -0.900800 0.434234 0.000000
vn -0.884946 0.431637 0.174814
vn -0.835490 0.520669 0.175671
vn -0.846577 0.524418 0.091067
vn -0.850621 0.525780 -0.000000
vn -0.866556 0.428077 0.256576
vn -0.818422 0.514534 0.255812
vn -0.757815 0.600454 0.255287
vn -0.772934 0.609502 0.176298
vn -0.782879 0.615336 0.091994
vn -0.786566 0.617507 -0.000001
vn -0.782882 0.091996 -0.615332
vn -0.846578 0.091070 -0.524416
vn -0.835491 0.175665 -0.520669
vn -0.772936 0.176295 -0.609500
vn -0.896631 0.089806 -0.433575
vn -0.934781 0.088388 -0.344052
vn -0.922899 0.173742 -0.343615
vn -0.884943 0.174809 -0.431645
vn -0.866554 0.256574 -0.428081
vn -0.818424 0.255807 -0.514533
vn -0.903701 0.257208 -0.342300
vn -0.876880 0.339913 -0.339913
vn -0.841292 0.336727 -0.422898
vn -0.795291 0.333654 -0.506149
vn -0.757814 0.255286 -0.600456
vn -0.737493 0.331528 -0.588383
vn -0.962689 0.086967 -0.256257
vn -0.981706 0.085713 -0.170019
vn -0.970282 0.171105 -0.171102
vn -0.950933 0.172452 -0.256877
vn -0.992778 0.084826 -0.084832
vn -0.981705 0.170021 -0.085720
vn -0.962687 0.256261 -0.086974
vn -0.950933 0.256880 -0.172451
vn -0.934781 0.344051 -0.088391
vn -0.922900 0.343611 -0.173742
vn -0.931444 0.257308 -0.257304
vn -0.903702 0.342298 -0.257205
vn -0.866552 0.428083 -0.256578
vn -0.841292 0.422902 -0.336722
vn -0.884946 0.431638 -0.174813
vn -0.835490 0.520669 -0.175671
vn -0.818423 0.514532 -0.255815
vn -0.795294 0.506150 -0.333648
vn -0.896635 0.433569 -0.089804
vn -0.846576 0.524419 -0.091067
vn -0.782879 0.615335 -0.091994
vn -0.772935 0.609500 -0.176297
vn -0.757814 0.600454 -0.255290
vn -0.737494 0.588382 -0.331527
vn -0.712670 0.404017 -0.573473
vn -0.766004 0.409523 -0.495508
vn -0.729809 0.483415 -0.483414
vn -0.683580 0.472242 -0.556512
vn -0.808265 0.416359 -0.416357
vn -0.766003 0.495510 -0.409523
vn -0.712669 0.573475 -0.404017
vn -0.683579 0.556514 -0.472241
vn -0.648953 0.537989 -0.537985
s 1
g pCube1
usemtl initialShadingGroup
f 1/1/1 1446/1504/2 387/442/3 1474/1537/4
f 1446/1504/2 340/368/5 771/826/6 387/442/3
f 387/442/3 771/826/6 99/126/7 774/829/8
f 1474/1537/4 387/442/3 774/829/8 354/385/9
f 340/368/5 1445/1502/10 388/443/11 771/826/6
f 1445/1502/10 75/88/12 1156/1211/13 388/443/11
f 388/443/11 1156/1211/13 195/222/14 772/827/15
f 771/826/6 388/443/11 772/827/15 99/126/7
f 99/126/7 772/827/15 389/444/16 773/828/17
f 772/827/15 195/222/14 1155/1210/18 389/444/16
f 389/444/16 1155/1210/18 27/40/19 1161/1216/20
f 773/828/17 389/444/16 1161/1216/20 198/225/21
f 354/385/9 774/829/8 390/445/22 1473/1536/23
f 774/829/8 99/126/7 773/828/17 390/445/22
f 390/445/22 773/828/17 198/225/21 1162/1217/24
f 1473/1536/23 390/445/22 1162/1217/24 82/97/25
f 75/88/12 1443/1498/26 391/446/27 1156/1211/13
f 1443/1498/26 339/366/28 775/830/29 391/446/27
f 391/446/27 775/830/29 100/127/30 778/833/31
f 1156/1211/13 391/446/27 778/833/31 195/222/14
f 339/366/28 1444/1500/32 392/447/33 775/830/29
f 1444/1500/32 15/21/34 1350/1405/35 392/447/33
f 392/447/33 1350/1405/35 292/319/36 776/831/37
f 775/830/29 392/447/33 776/831/37 100/127/30
f 100/127/30 776/831/37 393/448/38 777/832/39
f 776/831/37 292/319/36 1349/1404/40 393/448/38
f 393/448/38 1349/1404/40 51/64/41 1158/1213/42
f 777/832/39 393/448/38 1158/1213/42 196/223/43
f 195/222/14 778/833/31 394/449/44 1155/1210/18
f 778/833/31 100/127/30 777/832/39 394/449/44
f 394/449/44 777/832/39 196/223/43 1157/1212/45
f 1155/1210/18 394/449/44 1157/1212/45 27/40/19
f 27/40/19 1157/1212/45 395/450/46 1159/1214/47
f 1157/1212/45 196/223/43 779/834/48 395/450/46
f 395/450/46 779/834/48 101/128/49 782/837/50
f 1159/1214/47 395/450/46 782/837/50 197/224/51
f 196/223/43 1158/1213/42 396/451/52 779/834/48
f 1158/1213/42 51/64/41 1347/1402/53 396/451/52
f 396/451/52 1347/1402/53 291/318/54 780/835/55
f 779/834/48 396/451/52 780/835/55 101/128/49
f 101/128/49 780/835/55 397/452/56 781/836/57
f 780/835/55 291/318/54 1348/1403/58 397/452/56
f 397/452/56 1348/1403/58 21/15/59 1360/1415/60
f 781/836/57 397/452/56 1360/1415/60 297/324/61
f 197/224/51 782/837/50 398/453/62 1160/1215/63
f 782/837/50 101/128/49 781/836/57 398/453/62
f 398/453/62 781/836/57 297/324/61 1359/1414/64
f 1160/1215/63 398/453/62 1359/1414/64 54/67/65
f 82/97/25 1162/1217/24 399/454/66 1471/1534/67
f 1162/1217/24 198/225/21 783/838/68 399/454/66
f 399/454/66 783/838/68 102/129/69 786/841/70
f 1471/1534/67 399/454/66 786/841/70 353/384/71
f 198/225/21 1161/1216/20 400/455/72 783/838/68
f 1161/1216/20 27/40/19 1159/1214/47 400/455/72
f 400/455/72 1159/1214/47 197/224/51 784/839/73
f 783/838/68 400/455/72 784/839/73 102/129/69
f 102/129/69 784/839/73 401/456/74 785/840/75
f 784/839/73 197/224/51 1160/1215/63 401/456/74
f 401/456/74 1160/1215/63 54/67/65 1361/1416/76
f 785/840/75 401/456/74 1361/1416/76 298/325/77
f 353/384/71 786/841/70 402/457/78 1472/1535/79
f 786/841/70 102/129/69 785/840/75 402/457/78
f 402/457/78 785/840/75 298/325/77 1362/1417/80
f 1472/1535/79 402/457/78 1362/1417/80 18/25/81
f 15/21/34 1448/1508/82 403/458/83 1350/1405/35
f 1448/1508/82 341/370/84 787/842/85 403/458/83
f 403/458/83 787/842/85 103/130/86 790/845/87
f 1350/1405/35 403/458/83 790/845/87 292/319/36
f 341/370/84 1447/1506/88 404/459/89 787/842/85
f 1447/1506/88 76/90/90 1164/1219/91 404/459/89
f 404/459/89 1164/1219/91 199/226/92 788/843/93
f 787/842/85 404/459/89 788/843/93 103/130/86
f 103/130/86 788/843/93 405/460/94 789/844/95
f 788/843/93 199/226/92 1163/1218/96 405/460/94
f 405/460/94 1163/1218/96 28/41/97 1169/1224/98
f 789/844/95 405/460/94 1169/1224/98 202/229/99
f 292/319/36 790/845/87 406/461/100 1349/1404/40
f 790/845/87 103/130/86 789/844/95 406/461/100
f 406/461/100 789/844/95 202/229/99 1170/1225/101
f 1349/1404/40 406/461/100 1170/1225/101 51/64/41
f 76/90/90 1449/1510/102 407/462/103 1164/1219/91
f 1449/1510/102 342/372/104 791/846/105 407/462/103
f 407/462/103 791/846/105 104/131/106 794/849/107
f 1164/1219/91 407/462/103 794/849/107 199/226/92
f 342/372/104 1450/1512/108 408/463/109 791/846/105
f 1450/1512/108 2/3/110 1454/1517/111 408/463/109
f 408/463/109 1454/1517/111 344/375/112 792/847/113
f 791/846/105 408/463/109 792/847/113 104/131/106
f 104/131/106 792/847/113 409/464/114 793/848/115
f 792/847/113 344/375/112 1453/1516/116 409/464/114
f 409/464/114 1453/1516/116 77/92/117 1166/1221/118
f 793/848/115 409/464/114 1166/1221/118 200/227/119
f 199/226/92 794/849/107 410/465/120 1163/1218/96
f 794/849/107 104/131/106 793/848/115 410/465/120
f 410/465/120 793/848/115 200/227/119 1165/1220/121
f 1163/1218/96 410/465/120 1165/1220/121 28/41/97
f 28/41/97 1165/1220/121 411/466/122 1167/1222/123
f 1165/1220/121 200/227/119 795/850/124 411/466/122
f 411/466/122 795/850/124 105/132/125 798/853/126
f 1167/1222/123 411/466/122 798/853/126 201/228/127
f 200/227/119 1166/1221/118 412/467/128 795/850/124
f 1166/1221/118 77/92/117 1451/1514/129 412/467/128
f 412/467/128 1451/1514/129 343/374/130 796/851/131
f 795/850/124 412/467/128 796/851/131 105/132/125
f 105/132/125 796/851/131 413/468/132 797/852/133
f 796/851/131 343/374/130 1452/1515/134 413/468/132
f 413/468/132 1452/1515/134 16/23/135 1354/1409/136
f 797/852/133 413/468/132 1354/1409/136 294/321/137
f 201/228/127 798/853/126 414/469/138 1168/1223/139
f 798/853/126 105/132/125 797/852/133 414/469/138
f 414/469/138 797/852/133 294/321/137 1353/1408/140
f 1168/1223/139 414/469/138 1353/1408/140 52/65/141
f 51/64/41 1170/1225/101 415/470/142 1347/1402/53
f 1170/1225/101 202/229/99 799/854/143 415/470/142
f 415/470/142 799/854/143 106/133/144 802/857/145
f 1347/1402/53 415/470/142 802/857/145 291/318/54
f 202/229/99 1169/1224/98 416/471/146 799/854/143
f 1169/1224/98 28/41/97 1167/1222/123 416/471/146
f 416/471/146 1167/1222/123 201/228/127 800/855/147
f 799/854/143 416/471/146 800/855/147 106/133/144
f 106/133/144 800/855/147 417/472/148 801/856/149
f 800/855/147 201/228/127 1168/1223/139 417/472/148
f 417/472/148 1168/1223/139 52/65/141 1351/1406/150
f 801/856/149 417/472/148 1351/1406/150 293/320/151
f 291/318/54 802/857/145 418/473/152 1348/1403/58
f 802/857/145 106/133/144 801/856/149 418/473/152
f 418/473/152 801/856/149 293/320/151 1352/1407/153
f 1348/1403/58 418/473/152 1352/1407/153 21/15/59
f 21/15/59 1352/1407/153 419/474/154 1356/1411/155
f 1352/1407/153 293/320/151 803/858/156 419/474/154
f 419/474/154 803/858/156 107/134/157 806/861/158
f 1356/1411/155 419/474/154 806/861/158 295/322/159
f 293/320/151 1351/1406/150 420/475/160 803/858/156
f 1351/1406/150 52/65/141 1172/1227/161 420/475/160
f 420/475/160 1172/1227/161 203/230/162 804/859/163
f 803/858/156 420/475/160 804/859/163 107/134/157
f 107/134/157 804/859/163 421/476/164 805/860/165
f 804/859/163 203/230/162 1171/1226/166 421/476/164
f 421/476/164 1171/1226/166 29/42/167 1177/1232/168
f 805/860/165 421/476/164 1177/1232/168 206/233/169
f 295/322/159 806/861/158 422/477/170 1355/1410/171
f 806/861/158 107/134/157 805/860/165 422/477/170
f 422/477/170 805/860/165 206/233/169 1178/1233/172
f 1355/1410/171 422/477/170 1178/1233/172 53/66/173
f 52/65/141 1353/1408/140 423/478/174 1172/1227/161
f 1353/1408/140 294/321/137 807/862/175 423/478/174
f 423/478/174 807/862/175 108/135/176 810/865/177
f 1172/1227/161 423/478/174 810/865/177 203/230/162
f 294/321/137 1354/1409/136 424/479/178 807/862/175
f 1354/1409/136 16/23/135 1456/1519/179 424/479/178
f 424/479/178 1456/1519/179 345/376/180 808/863/181
f 807/862/175 424/479/178 808/863/181 108/135/176
f 108/135/176 808/863/181 425/480/182 809/864/183
f 808/863/181 345/376/180 1455/1518/184 425/480/182
f 425/480/182 1455/1518/184 78/93/185 1174/1229/186
f 809/864/183 425/480/182 1174/1229/186 204/231/187
f 203/230/162 810/865/177 426/481/188 1171/1226/166
f 810/865/177 108/135/176 809/864/183 426/481/188
f 426/481/188 809/864/183 204/231/187 1173/1228/189
f 1171/1226/166 426/481/188 1173/1228/189 29/42/167
f 29/42/167 1173/1228/189 427/482/190 1175/1230/191
f 1173/1228/189 204/231/187 811/866/192 427/482/190
f 427/482/190 811/866/192 109/136/193 814/869/194
f 1175/1230/191 427/482/190 814/869/194 205/232/195
f 204/231/187 1174/1229/186 428/483/196 811/866/192
f 1174/1229/186 78/93/185 1457/1520/197 428/483/196
f 428/483/196 1457/1520/197 346/377/198 812/867/199
f 811/866/192 428/483/196 812/867/199 109/136/193
f 109/136/193 812/867/199 429/484/200 813/868/201
f 812/867/199 346/377/198 1458/1521/202 429/484/200
f 429/484/200 1458/1521/202 4/6/203 1462/1525/204
f 813/868/201 429/484/200 1462/1525/204 348/379/205
f 205/232/195 814/869/194 430/485/206 1176/1231/207
f 814/869/194 109/136/193 813/868/201 430/485/206
f 430/485/206 813/868/201 348/379/205 1461/1524/208
f 1176/1231/207 430/485/206 1461/1524/208 79/94/209
f 53/66/173 1178/1233/172 431/486/210 1357/1412/211
f 1178/1233/172 206/233/169 815/870/212 431/486/210
f 431/486/210 815/870/212 110/137/213 818/873/214
f 1357/1412/211 431/486/210 818/873/214 296/323/215
f 206/233/169 1177/1232/168 432/487/216 815/870/212
f 1177/1232/168 29/42/167 1175/1230/191 432/487/216
f 432/487/216 1175/1230/191 205/232/195 816/871/217
f 815/870/212 432/487/216 816/871/217 110/137/213
f 110/137/213 816/871/217 433/488/218 817/872/219
f 816/871/217 205/232/195 1176/1231/207 433/488/218
f 433/488/218 1176/1231/207 79/94/209 1459/1522/220
f 817/872/219 433/488/218 1459/1522/220 347/378/221
f 296/323/215 818/873/214 434/489/222 1358/1413/223
f 818/873/214 110/137/213 817/872/219 434/489/222
f 434/489/222 817/872/219 347/378/221 1460/1523/224
f 1358/1413/223 434/489/222 1460/1523/224 17/24/225
f 18/25/81 1362/1417/80 435/490/226 1468/1531/227
f 1362/1417/80 298/325/77 819/874/228 435/490/226
f 435/490/226 819/874/228 111/138/229 822/877/230
f 1468/1531/227 435/490/226 822/877/230 351/382/231
f 298/325/77 1361/1416/76 436/491/232 819/874/228
f 1361/1416/76 54/67/65 1180/1235/233 436/491/232
f 436/491/232 1180/1235/233 207/234/234 820/875/235
f 819/874/228 436/491/232 820/875/235 111/138/229
f 111/138/229 820/875/235 437/492/236 821/876/237
f 820/875/235 207/234/234 1179/1234/238 437/492/236
f 437/492/236 1179/1234/238 30/43/239 1185/1240/240
f 821/876/237 437/492/236 1185/1240/240 210/237/241
f 351/382/231 822/877/230 438/493/242 1467/1530/243
f 822/877/230 111/138/229 821/876/237 438/493/242
f 438/493/242 821/876/237 210/237/241 1186/1241/244
f 1467/1530/243 438/493/242 1186/1241/244 81/96/245
f 54/67/65 1359/1414/64 439/494/246 1180/1235/233
f 1359/1414/64 297/324/61 823/878/247 439/494/246
f 439/494/246 823/878/247 112/139/248 826/881/249
f 1180/1235/233 439/494/246 826/881/249 207/234/234
f 297/324/61 1360/1415/60 440/495/250 823/878/247
f 1360/1415/60 21/15/59 1356/1411/155 440/495/250
f 440/495/250 1356/1411/155 295/322/159 824/879/251
f 823/878/247 440/495/250 824/879/251 112/139/248
f 112/139/248 824/879/251 441/496/252 825/880/253
f 824/879/251 295/322/159 1355/1410/171 441/496/252
f 441/496/252 1355/1410/171 53/66/173 1182/1237/254
f 825/880/253 441/496/252 1182/1237/254 208/235/255
f 207/234/234 826/881/249 442/497/256 1179/1234/238
f 826/881/249 112/139/248 825/880/253 442/497/256
f 442/497/256 825/880/253 208/235/255 1181/1236/257
f 1179/1234/238 442/497/256 1181/1236/257 30/43/239
f 30/43/239 1181/1236/257 443/498/258 1183/1238/259
f 1181/1236/257 208/235/255 827/882/260 443/498/258
f 443/498/258 827/882/260 113/140/261 830/885/262
f 1183/1238/259 443/498/258 830/885/262 209/236/263
f 208/235/255 1182/1237/254 444/499/264 827/882/260
f 1182/1237/254 53/66/173 1357/1412/211 444/499/264
f 444/499/264 1357/1412/211 296/323/215 828/883/265
f 827/882/260 444/499/264 828/883/265 113/140/261
f 113/140/261 828/883/265 445/500/266 829/884/267
f 828/883/265 296/323/215 1358/1413/223 445/500/266
f 445/500/266 1358/1413/223 17/24/225 1464/1527/268
f 829/884/267 445/500/266 1464/1527/268 349/380/269
f 209/236/263 830/885/262 446/501/270 1184/1239/271
f 830/885/262 113/140/261 829/884/267 446/501/270
f 446/501/270 829/884/267 349/380/269 1463/1526/272
f 1184/1239/271 446/501/270 1463/1526/272 80/95/273
f 81/96/245 1186/1241/244 447/502/274 1469/1532/275
f 1186/1241/244 210/237/241 831/886/276 447/502/274
f 447/502/274 831/886/276 114/141/277 834/889/278
f 1469/1532/275 447/502/274 834/889/278 352/383/279
f 210/237/241 1185/1240/240 448/503/280 831/886/276
f 1185/1240/240 30/43/239 1183/1238/259 448/503/280
f 448/503/280 1183/1238/259 209/236/263 832/887/281
f 831/886/276 448/503/280 832/887/281 114/141/277
f 114/141/277 832/887/281 449/504/282 833/888/283
f 832/887/281 209/236/263 1184/1239/271 449/504/282
f 449/504/282 1184/1239/271 80/95/273 1465/1528/284
f 833/888/283 449/504/282 1465/1528/284 350/381/285
f 352/383/279 834/889/278 450/505/286 1470/1533/287
f 834/889/278 114/141/277 833/888/283 450/505/286
f 450/505/286 833/888/283 350/381/285 1466/1529/288
f 1470/1533/287 450/505/286 1466/1529/288 3/5/289
f 3/5/289 1466/1529/288 451/506/290 1498/1576/291
f 1466/1529/288 350/381/285 835/890/292 451/506/290
f 451/506/290 835/890/292 115/142/293 838/893/294
f 1498/1576/291 451/506/290 838/893/294 366/404/295
f 350/381/285 1465/1528/284 452/507/296 835/890/292
f 1465/1528/284 80/95/273 1188/1243/297 452/507/296
f 452/507/296 1188/1243/297 211/238/298 836/891/299
f 835/890/292 452/507/296 836/891/299 115/142/293
f 115/142/293 836/891/299 453/508/300 837/892/301
f 836/891/299 211/238/298 1187/1242/302 453/508/300
f 453/508/300 1187/1242/302 31/44/303 1193/1248/304
f 837/892/301 453/508/300 1193/1248/304 214/241/305
f 366/404/295 838/893/294 454/509/306 1497/1574/307
f 838/893/294 115/142/293 837/892/301 454/509/306
f 454/509/306 837/892/301 214/241/305 1194/1249/308
f 1497/1574/307 454/509/306 1194/1249/308 88/106/309
f 80/95/273 1463/1526/272 455/510/310 1188/1243/297
f 1463/1526/272 349/380/269 839/894/311 455/510/310
f 455/510/310 839/894/311 116/143/312 842/897/313
f 1188/1243/297 455/510/310 842/897/313 211/238/298
f 349/380/269 1464/1527/268 456/511/314 839/894/311
f 1464/1527/268 17/24/225 1366/1421/315 456/511/314
f 456/511/314 1366/1421/315 300/327/316 840/895/317
f 839/894/311 456/511/314 840/895/317 116/143/312
f 116/143/312 840/895/317 457/512/318 841/896/319
f 840/895/317 300/327/316 1365/1420/320 457/512/318
f 457/512/318 1365/1420/320 55/68/321 1190/1245/322
f 841/896/319 457/512/318 1190/1245/322 212/239/323
f 211/238/298 842/897/313 458/513/324 1187/1242/302
f 842/897/313 116/143/312 841/896/319 458/513/324
f 458/513/324 841/896/319 212/239/323 1189/1244/325
f 1187/1242/302 458/513/324 1189/1244/325 31/44/303
f 31/44/303 1189/1244/325 459/514/326 1191/1246/327
f 1189/1244/325 212/239/323 843/898/328 459/514/326
f 459/514/326 843/898/328 117/144/329 846/901/330
f 1191/1246/327 459/514/326 846/901/330 213/240/331
f 212/239/323 1190/1245/322 460/515/332 843/898/328
f 1190/1245/322 55/68/321 1363/1418/333 460/515/332
f 460/515/332 1363/1418/333 299/326/334 844/899/335
f 843/898/328 460/515/332 844/899/335 117/144/329
f 117/144/329 844/899/335 461/516/336 845/900/337
f 844/899/335 299/326/334 1364/1419/338 461/516/336
f 461/516/336 1364/1419/338 22/16/339 1376/1431/340
f 845/900/337 461/516/336 1376/1431/340 305/332/341
f 213/240/331 846/901/330 462/517/342 1192/1247/343
f 846/901/330 117/144/329 845/900/337 462/517/342
f 462/517/342 845/900/337 305/332/341 1375/1430/344
f 1192/1247/343 462/517/342 1375/1430/344 58/71/345
f 88/106/309 1194/1249/308 463/518/346 1495/1570/347
f 1194/1249/308 214/241/305 847/902/348 463/518/346
f 463/518/346 847/902/348 118/145/349 850/905/350
f 1495/1570/347 463/518/346 850/905/350 365/402/351
f 214/241/305 1193/1248/304 464/519/352 847/902/348
f 1193/1248/304 31/44/303 1191/1246/327 464/519/352
f 464/519/352 1191/1246/327 213/240/331 848/903/353
f 847/902/348 464/519/352 848/903/353 118/145/349
f 118/145/349 848/903/353 465/520/354 849/904/355
f 848/903/353 213/240/331 1192/1247/343 465/520/354
f 465/520/354 1192/1247/343 58/71/345 1377/1432/356
f 849/904/355 465/520/354 1377/1432/356 306/333/357
f 365/402/351 850/905/350 466/521/358 1496/1572/359
f 850/905/350 118/145/349 849/904/355 466/521/358
f 466/521/358 849/904/355 306/333/357 1378/1433/360
f 1496/1572/359 466/521/358 1378/1433/360 9/29/361
f 17/24/225 1460/1523/224 467/522/362 1366/1421/315
f 1460/1523/224 347/378/221 851/906/363 467/522/362
f 467/522/362 851/906/363 119/146/364 854/909/365
f 1366/1421/315 467/522/362 854/909/365 300/327/316
f 347/378/221 1459/1522/220 468/523/366 851/906/363
f 1459/1522/220 79/94/209 1196/1251/367 468/523/366
f 468/523/366 1196/1251/367 215/242/368 852/907/369
f 851/906/363 468/523/366 852/907/369 119/146/364
f 119/146/364 852/907/369 469/524/370 853/908/371
f 852/907/369 215/242/368 1195/1250/372 469/524/370
f 469/524/370 1195/1250/372 32/45/373 1201/1256/374
f 853/908/371 469/524/370 1201/1256/374 218/245/375
f 300/327/316 854/909/365 470/525/376 1365/1420/320
f 854/909/365 119/146/364 853/908/371 470/525/376
f 470/525/376 853/908/371 218/245/375 1202/1257/377
f 1365/1420/320 470/525/376 1202/1257/377 55/68/321
f 79/94/209 1461/1524/208 471/526/378 1196/1251/367
f 1461/1524/208 348/379/205 855/910/379 471/526/378
f 471/526/378 855/910/379 120/147/380 858/913/381
f 1196/1251/367 471/526/378 858/913/381 215/242/368
f 348/379/205 1462/1525/204 472/527/382 855/910/379
f 1462/1525/204 4/6/203 1478/1544/383 472/527/382
f 472/527/382 1478/1544/383 356/388/384 856/911/385
f 855/910/379 472/527/382 856/911/385 120/147/380
f 120/147/380 856/911/385 473/528/386 857/912/387
f 856/911/385 356/388/384 1477/1542/388 473/528/386
f 473/528/386 1477/1542/388 83/98/389 1198/1253/390
f 857/912/387 473/528/386 1198/1253/390 216/243/391
f 215/242/368 858/913/381 474/529/392 1195/1250/372
f 858/913/381 120/147/380 857/912/387 474/529/392
f 474/529/392 857/912/387 216/243/391 1197/1252/393
f 1195/1250/372 474/529/392 1197/1252/393 32/45/373
f 32/45/373 1197/1252/393 475/530/394 1199/1254/395
f 1197/1252/393 216/243/391 859/914/396 475/530/394
f 475/530/394 859/914/396 121/148/397 862/917/398
f 1199/1254/395 475/530/394 862/917/398 217/244/399
f 216/243/391 1198/1253/390 476/531/400 859/914/396
f 1198/1253/390 83/98/389 1475/1538/401 476/531/400
f 476/531/400 1475/1538/401 355/386/402 860/915/403
f 859/914/396 476/531/400 860/915/403 121/148/397
f 121/148/397 860/915/403 477/532/404 861/916/405
f 860/915/403 355/386/402 1476/1540/406 477/532/404
f 477/532/404 1476/1540/406 19/26/407 1370/1425/408
f 861/916/405 477/532/404 1370/1425/408 302/329/409
f 217/244/399 862/917/398 478/533/410 1200/1255/411
f 862/917/398 121/148/397 861/916/405 478/533/410
f 478/533/410 861/916/405 302/329/409 1369/1424/412
f 1200/1255/411 478/533/410 1369/1424/412 56/69/413
f 55/68/321 1202/1257/377 479/534/414 1363/1418/333
f 1202/1257/377 218/245/375 863/918/415 479/534/414
f 479/534/414 863/918/415 122/149/416 866/921/417
f 1363/1418/333 479/534/414 866/921/417 299/326/334
f 218/245/375 1201/1256/374 480/535/418 863/918/415
f 1201/1256/374 32/45/373 1199/1254/395 480/535/418
f 480/535/418 1199/1254/395 217/244/399 864/919/419
f 863/918/415 480/535/418 864/919/419 122/149/416
f 122/149/416 864/919/419 481/536/420 865/920/421
f 864/919/419 217/244/399 1200/1255/411 481/536/420
f 481/536/420 1200/1255/411 56/69/413 1367/1422/422
f 865/920/421 481/536/420 1367/1422/422 301/328/423
f 299/326/334 866/921/417 482/537/424 1364/1419/338
f 866/921/417 122/149/416 865/920/421 482/537/424
f 482/537/424 865/920/421 301/328/423 1368/1423/425
f 1364/1419/338 482/537/424 1368/1423/425 22/16/339
f 22/16/339 1368/1423/425 483/538/426 1372/1427/427
f 1368/1423/425 301/328/423 867/922/428 483/538/426
f 483/538/426 867/922/428 123/150/429 870/925/430
f 1372/1427/427 483/538/426 870/925/430 303/330/431
f 301/328/423 1367/1422/422 484/539/432 867/922/428
f 1367/1422/422 56/69/413 1204/1259/433 484/539/432
f 484/539/432 1204/1259/433 219/246/434 868/923/435
f 867/922/428 484/539/432 868/923/435 123/150/429
f 123/150/429 868/923/435 485/540/436 869/924/437
f 868/923/435 219/246/434 1203/1258/438 485/540/436
f 485/540/436 1203/1258/438 33/46/439 1209/1264/440
f 869/924/437 485/540/436 1209/1264/440 222/249/441
f 303/330/431 870/925/430 486/541/442 1371/1426/443
f 870/925/430 123/150/429 869/924/437 486/541/442
f 486/541/442 869/924/437 222/249/441 1210/1265/444
f 1371/1426/443 486/541/442 1210/1265/444 57/70/445
f 56/69/413 1369/1424/412 487/542/446 1204/1259/433
f 1369/1424/412 302/329/409 871/926/447 487/542/446
f 487/542/446 871/926/447 124/151/448 874/929/449
f 1204/1259/433 487/542/446 874/929/449 219/246/434
f 302/329/409 1370/1425/408 488/543/450 871/926/447
f 1370/1425/408 19/26/407 1480/1548/451 488/543/450
f 488/543/450 1480/1548/451 357/390/452 872/927/453
f 871/926/447 488/543/450 872/927/453 124/151/448
f 124/151/448 872/927/453 489/544/454 873/928/455
f 872/927/453 357/390/452 1479/1546/456 489/544/454
f 489/544/454 1479/1546/456 84/100/457 1206/1261/458
f 873/928/455 489/544/454 1206/1261/458 220/247/459
f 219/246/434 874/929/449 490/545/460 1203/1258/438
f 874/929/449 124/151/448 873/928/455 490/545/460
f 490/545/460 873/928/455 220/247/459 1205/1260/461
f 1203/1258/438 490/545/460 1205/1260/461 33/46/439
f 33/46/439 1205/1260/461 491/546/462 1207/1262/463
f 1205/1260/461 220/247/459 875/930/464 491/546/462
f 491/546/462 875/930/464 125/152/465 878/933/466
f 1207/1262/463 491/546/462 878/933/466 221/248/467
f 220/247/459 1206/1261/458 492/547/468 875/930/464
f 1206/1261/458 84/100/457 1481/1550/469 492/547/468
f 492/547/468 1481/1550/469 358/392/470 876/931/471
f 875/930/464 492/547/468 876/931/471 125/152/465
f 125/152/465 876/931/471 493/548/472 877/932/473
f 876/931/471 358/392/470 1482/1552/474 493/548/472
f 493/548/472 1482/1552/474 6/9/475 1486/1557/476
f 877/932/473 493/548/472 1486/1557/476 360/395/477
f 221/248/467 878/933/466 494/549/478 1208/1263/479
f 878/933/466 125/152/465 877/932/473 494/549/478
f 494/549/478 877/932/473 360/395/477 1485/1556/480
f 1208/1263/479 494/549/478 1485/1556/480 85/102/481
f 57/70/445 1210/1265/444 495/550/482 1373/1428/483
f 1210/1265/444 222/249/441 879/934/484 495/550/482
f 495/550/482 879/934/484 126/153/485 882/937/486
f 1373/1428/483 495/550/482 882/937/486 304/331/487
f 222/249/441 1209/1264/440 496/551/488 879/934/484
f 1209/1264/440 33/46/439 1207/1262/463 496/551/488
f 496/551/488 1207/1262/463 221/248/467 880/935/489
f 879/934/484 496/551/488 880/935/489 126/153/485
f 126/153/485 880/935/489 497/552/490 881/936/491
f 880/935/489 221/248/467 1208/1263/479 497/552/490
f 497/552/490 1208/1263/479 85/102/481 1483/1554/492
f 881/936/491 497/552/490 1483/1554/492 359/394/493
f 304/331/487 882/937/486 498/553/494 1374/1429/495
f 882/937/486 126/153/485 881/936/491 498/553/494
f 498/553/494 881/936/491 359/394/493 1484/1555/496
f 1374/1429/495 498/553/494 1484/1555/496 20/28/497
f 9/29/361 1378/1433/360 499/554/498 1492/1564/499
f 1378/1433/360 306/333/357 883/938/500 499/554/498
f 499/554/498 883/938/500 127/154/501 886/941/502
f 1492/1564/499 499/554/498 886/941/502 363/398/503
f 306/333/357 1377/1432/356 500/555/504 883/938/500
f 1377/1432/356 58/71/345 1212/1267/505 500/555/504
f 500/555/504 1212/1267/505 223/250/506 884/939/507
f 883/938/500 500/555/504 884/939/507 127/154/501
f 127/154/501 884/939/507 501/556/508 885/940/509
f 884/939/507 223/250/506 1211/1266/510 501/556/508
f 501/556/508 1211/1266/510 34/47/511 1217/1272/512
f 885/940/509 501/556/508 1217/1272/512 226/253/513
f 363/398/503 886/941/502 502/557/514 1491/1562/515
f 886/941/502 127/154/501 885/940/509 502/557/514
f 502/557/514 885/940/509 226/253/513 1218/1273/516
f 1491/1562/515 502/557/514 1218/1273/516 87/104/517
f 58/71/345 1375/1430/344 503/558/518 1212/1267/505
f 1375/1430/344 305/332/341 887/942/519 503/558/518
f 503/558/518 887/942/519 128/155/520 890/945/521
f 1212/1267/505 503/558/518 890/945/521 223/250/506
f 305/332/341 1376/1431/340 504/559/522 887/942/519
f 1376/1431/340 22/16/339 1372/1427/427 504/559/522
f 504/559/522 1372/1427/427 303/330/431 888/943/523
f 887/942/519 504/559/522 888/943/523 128/155/520
f 128/155/520 888/943/523 505/560/524 889/944/525
f 888/943/523 303/330/431 1371/1426/443 505/560/524
f 505/560/524 1371/1426/443 57/70/445 1214/1269/526
f 889/944/525 505/560/524 1214/1269/526 224/251/527
f 223/250/506 890/945/521 506/561/528 1211/1266/510
f 890/945/521 128/155/520 889/944/525 506/561/528
f 506/561/528 889/944/525 224/251/527 1213/1268/529
f 1211/1266/510 506/561/528 1213/1268/529 34/47/511
f 34/47/511 1213/1268/529 507/562/530 1215/1270/531
f 1213/1268/529 224/251/527 891/946/532 507/562/530
f 507/562/530 891/946/532 129/156/533 894/949/534
f 1215/1270/531 507/562/530 894/949/534 225/252/535
f 224/251/527 1214/1269/526 508/563/536 891/946/532
f 1214/1269/526 57/70/445 1373/1428/483 508/563/536
f 508/563/536 1373/1428/483 304/331/487 892/947/537
f 891/946/532 508/563/536 892/947/537 129/156/533
f 129/156/533 892/947/537 509/564/538 893/948/539
f 892/947/537 304/331/487 1374/1429/495 509/564/538
f 509/564/538 1374/1429/495 20/28/497 1488/1559/540
f 893/948/539 509/564/538 1488/1559/540 361/396/541
f 225/252/535 894/949/534 510/565/542 1216/1271/543
f 894/949/534 129/156/533 893/948/539 510/565/542
f 510/565/542 893/948/539 361/396/541 1487/1558/544
f 1216/1271/543 510/565/542 1487/1558/544 86/103/545
f 87/104/517 1218/1273/516 511/566/546 1493/1566/547
f 1218/1273/516 226/253/513 895/950/548 511/566/546
f 511/566/546 895/950/548 130/157/549 898/953/550
f 1493/1566/547 511/566/546 898/953/550 364/400/551
f 226/253/513 1217/1272/512 512/567/552 895/950/548
f 1217/1272/512 34/47/511 1215/1270/531 512/567/552
f 512/567/552 1215/1270/531 225/252/535 896/951/553
f 895/950/548 512/567/552 896/951/553 130/157/549
f 130/157/549 896/951/553 513/568/554 897/952/555
f 896/951/553 225/252/535 1216/1271/543 513/568/554
f 513/568/554 1216/1271/543 86/103/545 1489/1560/556
f 897/952/555 513/568/554 1489/1560/556 362/397/557
f 364/400/551 898/953/550 514/569/558 1494/1568/559
f 898/953/550 130/157/549 897/952/555 514/569/558
f 514/569/558 897/952/555 362/397/557 1490/1561/560
f 1494/1568/559 514/569/558 1490/1561/560 5/7/561
f 5/7/561 1490/1561/560 515/570/562 1522/1616/563
f 1490/1561/560 362/397/557 899/954/564 515/570/562
f 515/570/562 899/954/564 131/158/565 902/957/566
f 1522/1616/563 515/570/562 902/957/566 378/424/567
f 362/397/557 1489/1560/556 516/571/568 899/954/564
f 1489/1560/556 86/103/545 1220/1275/569 516/571/568
f 516/571/568 1220/1275/569 227/254/570 900/955/571
f 899/954/564 516/571/568 900/955/571 131/158/565
f 131/158/565 900/955/571 517/572/572 901/956/573
f 900/955/571 227/254/570 1219/1274/574 517/572/572
f 517/572/572 1219/1274/574 35/48/575 1225/1280/576
f 901/956/573 517/572/572 1225/1280/576 230/257/577
f 378/424/567 902/957/566 518/573/578 1521/1614/579
f 902/957/566 131/158/565 901/956/573 518/573/578
f 518/573/578 901/956/573 230/257/577 1226/1281/580
f 1521/1614/579 518/573/578 1226/1281/580 94/116/581
f 86/103/545 1487/1558/544 519/574/582 1220/1275/569
f 1487/1558/544 361/396/541 903/958/583 519/574/582
f 519/574/582 903/958/583 132/159/584 906/961/585
f 1220/1275/569 519/574/582 906/961/585 227/254/570
f 361/396/541 1488/1559/540 520/575/586 903/958/583
f 1488/1559/540 20/28/497 1382/1437/587 520/575/586
f 520/575/586 1382/1437/587 308/335/588 904/959/589
f 903/958/583 520/575/586 904/959/589 132/159/584
f 132/159/584 904/959/589 521/576/590 905/960/591
f 904/959/589 308/335/588 1381/1436/592 521/576/590
f 521/576/590 1381/1436/592 59/72/593 1222/1277/594
f 905/960/591 521/576/590 1222/1277/594 228/255/595
f 227/254/570 906/961/585 522/577/596 1219/1274/574
f 906/961/585 132/159/584 905/960/591 522/577/596
f 522/577/596 905/960/591 228/255/595 1221/1276/597
f 1219/1274/574 522/577/596 1221/1276/597 35/48/575
f 35/48/575 1221/1276/597 523/578/598 1223/1278/599
f 1221/1276/597 228/255/595 907/962/600 523/578/598
f 523/578/598 907/962/600 133/160/601 910/965/602
f 1223/1278/599 523/578/598 910/965/602 229/256/603
f 228/255/595 1222/1277/594 524/579/604 907/962/600
f 1222/1277/594 59/72/593 1379/1434/605 524/579/604
f 524/579/604 1379/1434/605 307/334/606 908/963/607
f 907/962/600 524/579/604 908/963/607 133/160/601
f 133/160/601 908/963/607 525/580/608 909/964/609
f 908/963/607 307/334/606 1380/1435/610 525/580/608
f 525/580/608 1380/1435/610 23/17/611 1392/1447/612
f 909/964/609 525/580/608 1392/1447/612 313/340/613
f 229/256/603 910/965/602 526/581/614 1224/1279/615
f 910/965/602 133/160/601 909/964/609 526/581/614
f 526/581/614 909/964/609 313/340/613 1391/1446/616
f 1224/1279/615 526/581/614 1391/1446/616 62/75/617
f 94/116/581 1226/1281/580 527/582/618 1519/1610/619
f 1226/1281/580 230/257/577 911/966/620 527/582/618
f 527/582/618 911/966/620 134/161/621 914/969/622
f 1519/1610/619 527/582/618 914/969/622 377/422/623
f 230/257/577 1225/1280/576 528/583/624 911/966/620
f 1225/1280/576 35/48/575 1223/1278/599 528/583/624
f 528/583/624 1223/1278/599 229/256/603 912/967/625
f 911/966/620 528/583/624 912/967/625 134/161/621
f 134/161/621 912/967/625 529/584/626 913/968/627
f 912/967/625 229/256/603 1224/1279/615 529/584/626
f 529/584/626 1224/1279/615 62/75/617 1393/1448/628
f 913/968/627 529/584/626 1393/1448/628 314/341/629
f 377/422/623 914/969/622 530/585/630 1520/1612/631
f 914/969/622 134/161/621 913/968/627 530/585/630
f 530/585/630 913/968/627 314/341/629 1394/1449/632
f 1520/1612/631 530/585/630 1394/1449/632 12/34/633
f 20/28/497 1484/1555/496 531/586/634 1382/1437/587
f 1484/1555/496 359/394/493 915/970/635 531/586/634
f 531/586/634 915/970/635 135/162/636 918/973/637
f 1382/1437/587 531/586/634 918/973/637 308/335/588
f 359/394/493 1483/1554/492 532/587/638 915/970/635
f 1483/1554/492 85/102/481 1228/1283/639 532/587/638
f 532/587/638 1228/1283/639 231/258/640 916/971/641
f 915/970/635 532/587/638 916/971/641 135/162/636
f 135/162/636 916/971/641 533/588/642 917/972/643
f 916/971/641 231/258/640 1227/1282/644 533/588/642
f 533/588/642 1227/1282/644 36/49/645 1233/1288/646
f 917/972/643 533/588/642 1233/1288/646 234/261/647
f 308/335/588 918/973/637 534/589/648 1381/1436/592
f 918/973/637 135/162/636 917/972/643 534/589/648
f 534/589/648 917/972/643 234/261/647 1234/1289/649
f 1381/1436/592 534/589/648 1234/1289/649 59/72/593
f 85/102/481 1485/1556/480 535/590/650 1228/1283/639
f 1485/1556/480 360/395/477 919/974/651 535/590/650
f 535/590/650 919/974/651 136/163/652 922/977/653
f 1228/1283/639 535/590/650 922/977/653 231/258/640
f 360/395/477 1486/1557/476 536/591/654 919/974/651
f 1486/1557/476 6/9/475 1502/1584/655 536/591/654
f 536/591/654 1502/1584/655 368/408/656 920/975/657
f 919/974/651 536/591/654 920/975/657 136/163/652
f 136/163/652 920/975/657 537/592/658 921/976/659
f 920/975/657 368/408/656 1501/1582/660 537/592/658
f 537/592/658 1501/1582/660 89/108/661 1230/1285/662
f 921/976/659 537/592/658 1230/1285/662 232/259/663
f 231/258/640 922/977/653 538/593/664 1227/1282/644
f 922/977/653 136/163/652 921/976/659 538/593/664
f 538/593/664 921/976/659 232/259/663 1229/1284/665
f 1227/1282/644 538/593/664 1229/1284/665 36/49/645
f 36/49/645 1229/1284/665 539/594/666 1231/1286/667
f 1229/1284/665 232/259/663 923/978/668 539/594/666
f 539/594/666 923/978/668 137/164/669 926/981/670
f 1231/1286/667 539/594/666 926/981/670 233/260/671
f 232/259/663 1230/1285/662 540/595/672 923/978/668
f 1230/1285/662 89/108/661 1499/1578/673 540/595/672
f 540/595/672 1499/1578/673 367/406/674 924/979/675
f 923/978/668 540/595/672 924/979/675 137/164/669
f 137/164/669 924/979/675 541/596/676 925/980/677
f 924/979/675 367/406/674 1500/1580/678 541/596/676
f 541/596/676 1500/1580/678 10/31/679 1386/1441/680
f 925/980/677 541/596/676 1386/1441/680 310/337/681
f 233/260/671 926/981/670 542/597/682 1232/1287/683
f 926/981/670 137/164/669 925/980/677 542/597/682
f 542/597/682 925/980/677 310/337/681 1385/1440/684
f 1232/1287/683 542/597/682 1385/1440/684 60/73/685
f 59/72/593 1234/1289/649 543/598/686 1379/1434/605
f 1234/1289/649 234/261/647 927/982/687 543/598/686
f 543/598/686 927/982/687 138/165/688 930/985/689
f 1379/1434/605 543/598/686 930/985/689 307/334/606
f 234/261/647 1233/1288/646 544/599/690 927/982/687
f 1233/1288/646 36/49/645 1231/1286/667 544/599/690
f 544/599/690 1231/1286/667 233/260/671 928/983/691
f 927/982/687 544/599/690 928/983/691 138/165/688
f 138/165/688 928/983/691 545/600/692 929/984/693
f 928/983/691 233/260/671 1232/1287/683 545/600/692
f 545/600/692 1232/1287/683 60/73/685 1383/1438/694
f 929/984/693 545/600/692 1383/1438/694 309/336/695
f 307/334/606 930/985/689 546/601/696 1380/1435/610
f 930/985/689 138/165/688 929/984/693 546/601/696
f 546/601/696 929/984/693 309/336/695 1384/1439/697
f 1380/1435/610 546/601/696 1384/1439/697 23/17/611
f 23/17/611 1384/1439/697 547/602/698 1388/1443/699
f 1384/1439/697 309/336/695 931/986/700 547/602/698
f 547/602/698 931/986/700 139/166/701 934/989/702
f 1388/1443/699 547/602/698 934/989/702 311/338/703
f 309/336/695 1383/1438/694 548/603/704 931/986/700
f 1383/1438/694 60/73/685 1236/1291/705 548/603/704
f 548/603/704 1236/1291/705 235/262/706 932/987/707
f 931/986/700 548/603/704 932/987/707 139/166/701
f 139/166/701 932/987/707 549/604/708 933/988/709
f 932/987/707 235/262/706 1235/1290/710 549/604/708
f 549/604/708 1235/1290/710 37/50/711 1241/1296/712
f 933/988/709 549/604/708 1241/1296/712 238/265/713
f 311/338/703 934/989/702 550/605/714 1387/1442/715
f 934/989/702 139/166/701 933/988/709 550/605/714
f 550/605/714 933/988/709 238/265/713 1242/1297/716
f 1387/1442/715 550/605/714 1242/1297/716 61/74/717
f 60/73/685 1385/1440/684 551/606/718 1236/1291/705
f 1385/1440/684 310/337/681 935/990/719 551/606/718
f 551/606/718 935/990/719 140/167/720 938/993/721
f 1236/1291/705 551/606/718 938/993/721 235/262/706
f 310/337/681 1386/1441/680 552/607/722 935/990/719
f 1386/1441/680 10/31/679 1504/1588/723 552/607/722
f 552/607/722 1504/1588/723 369/410/724 936/991/725
f 935/990/719 552/607/722 936/991/725 140/167/720
f 140/167/720 936/991/725 553/608/726 937/992/727
f 936/991/725 369/410/724 1503/1586/728 553/608/726
f 553/608/726 1503/1586/728 90/110/729 1238/1293/730
f 937/992/727 553/608/726 1238/1293/730 236/263/731
f 235/262/706 938/993/721 554/609/732 1235/1290/710
f 938/993/721 140/167/720 937/992/727 554/609/732
f 554/609/732 937/992/727 236/263/731 1237/1292/733
f 1235/1290/710 554/609/732 1237/1292/733 37/50/711
f 37/50/711 1237/1292/733 555/610/734 1239/1294/735
f 1237/1292/733 236/263/731 939/994/736 555/610/734
f 555/610/734 939/994/736 141/168/737 942/997/738
f 1239/1294/735 555/610/734 942/997/738 237/264/739
f 236/263/731 1238/1293/730 556/611/740 939/994/736
f 1238/1293/730 90/110/729 1505/1590/741 556/611/740
f 556/611/740 1505/1590/741 370/412/742 940/995/743
f 939/994/736 556/611/740 940/995/743 141/168/737
f 141/168/737 940/995/743 557/612/744 941/996/745
f 940/995/743 370/412/742 1506/1592/746 557/612/744
f 557/612/744 1506/1592/746 8/13/747 1510/1597/748
f 941/996/745 557/612/744 1510/1597/748 372/415/749
f 237/264/739 942/997/738 558/613/750 1240/1295/751
f 942/997/738 141/168/737 941/996/745 558/613/750
f 558/613/750 941/996/745 372/415/749 1509/1596/752
f 1240/1295/751 558/613/750 1509/1596/752 91/112/753
f 61/74/717 1242/1297/716 559/614/754 1389/1444/755
f 1242/1297/716 238/265/713 943/998/756 559/614/754
f 559/614/754 943/998/756 142/169/757 946/1001/758
f 1389/1444/755 559/614/754 946/1001/758 312/339/759
f 238/265/713 1241/1296/712 560/615/760 943/998/756
f 1241/1296/712 37/50/711 1239/1294/735 560/615/760
f 560/615/760 1239/1294/735 237/264/739 944/999/761
f 943/998/756 560/615/760 944/999/761 142/169/757
f 142/169/757 944/999/761 561/616/762 945/1000/763
f 944/999/761 237/264/739 1240/1295/751 561/616/762
f 561/616/762 1240/1295/751 91/112/753 1507/1594/764
f 945/1000/763 561/616/762 1507/1594/764 371/414/765
f 312/339/759 946/1001/758 562/617/766 1390/1445/767
f 946/1001/758 142/169/757 945/1000/763 562/617/766
f 562/617/766 945/1000/763 371/414/765 1508/1595/768
f 1390/1445/767 562/617/766 1508/1595/768 11/33/769
f 12/34/633 1394/1449/632 563/618/770 1516/1604/771
f 1394/1449/632 314/341/629 947/1002/772 563/618/770
f 563/618/770 947/1002/772 143/170/773 950/1005/774
f 1516/1604/771 563/618/770 950/1005/774 375/418/775
f 314/341/629 1393/1448/628 564/619/776 947/1002/772
f 1393/1448/628 62/75/617 1244/1299/777 564/619/776
f 564/619/776 1244/1299/777 239/266/778 948/1003/779
f 947/1002/772 564/619/776 948/1003/779 143/170/773
f 143/170/773 948/1003/779 565/620/780 949/1004/781
f 948/1003/779 239/266/778 1243/1298/782 565/620/780
f 565/620/780 1243/1298/782 38/51/783 1249/1304/784
f 949/1004/781 565/620/780 1249/1304/784 242/269/785
f 375/418/775 950/1005/774 566/621/786 1515/1602/787
f 950/1005/774 143/170/773 949/1004/781 566/621/786
f 566/621/786 949/1004/781 242/269/785 1250/1305/788
f 1515/1602/787 566/621/786 1250/1305/788 93/114/789
f 62/75/617 1391/1446/616 567/622/790 1244/1299/777
f 1391/1446/616 313/340/613 951/1006/791 567/622/790
f 567/622/790 951/1006/791 144/171/792 954/1009/793
f 1244/1299/777 567/622/790 954/1009/793 239/266/778
f 313/340/613 1392/1447/612 568/623/794 951/1006/791
f 1392/1447/612 23/17/611 1388/1443/699 568/623/794
f 568/623/794 1388/1443/699 311/338/703 952/1007/795
f 951/1006/791 568/623/794 952/1007/795 144/171/792
f 144/171/792 952/1007/795 569/624/796 953/1008/797
f 952/1007/795 311/338/703 1387/1442/715 569/624/796
f 569/624/796 1387/1442/715 61/74/717 1246/1301/798
f 953/1008/797 569/624/796 1246/1301/798 240/267/799
f 239/266/778 954/1009/793 570/625/800 1243/1298/782
f 954/1009/793 144/171/792 953/1008/797 570/625/800
f 570/625/800 953/1008/797 240/267/799 1245/1300/801
f 1243/1298/782 570/625/800 1245/1300/801 38/51/783
f 38/51/783 1245/1300/801 571/626/802 1247/1302/803
f 1245/1300/801 240/267/799 955/1010/804 571/626/802
f 571/626/802 955/1010/804 145/172/805 958/1013/806
f 1247/1302/803 571/626/802 958/1013/806 241/268/807
f 240/267/799 1246/1301/798 572/627/808 955/1010/804
f 1246/1301/798 61/74/717 1389/1444/755 572/627/808
f 572/627/808 1389/1444/755 312/339/759 956/1011/809
f 955/1010/804 572/627/808 956/1011/809 145/172/805
f 145/172/805 956/1011/809 573/628/810 957/1012/811
f 956/1011/809 312/339/759 1390/1445/767 573/628/810
f 573/628/810 1390/1445/767 11/33/769 1512/1599/812
f 957/1012/811 573/628/810 1512/1599/812 373/416/813
f 241/268/807 958/1013/806 574/629/814 1248/1303/815
f 958/1013/806 145/172/805 957/1012/811 574/629/814
f 574/629/814 957/1012/811 373/416/813 1511/1598/816
f 1248/1303/815 574/629/814 1511/1598/816 92/113/817
f 93/114/789 1250/1305/788 575/630/818 1517/1606/819
f 1250/1305/788 242/269/785 959/1014/820 575/630/818
f 575/630/818 959/1014/820 146/173/821 962/1017/822
f 1517/1606/819 575/630/818 962/1017/822 376/420/823
f 242/269/785 1249/1304/784 576/631/824 959/1014/820
f 1249/1304/784 38/51/783 1247/1302/803 576/631/824
f 576/631/824 1247/1302/803 241/268/807 960/1015/825
f 959/1014/820 576/631/824 960/1015/825 146/173/821
f 146/173/821 960/1015/825 577/632/826 961/1016/827
f 960/1015/825 241/268/807 1248/1303/815 577/632/826
f 577/632/826 1248/1303/815 92/113/817 1513/1600/828
f 961/1016/827 577/632/826 1513/1600/828 374/417/829
f 376/420/823 962/1017/822 578/633/830 1518/1608/831
f 962/1017/822 146/173/821 961/1016/827 578/633/830
f 578/633/830 961/1016/827 374/417/829 1514/1601/832
f 1518/1608/831 578/633/830 1514/1601/832 7/11/833
f 7/11/833 1514/1601/832 579/634/834 1538/1648/835
f 1514/1601/832 374/417/829 963/1018/836 579/634/834
f 579/634/834 963/1018/836 147/174/837 966/1021/838
f 1538/1648/835 579/634/834 966/1021/838 386/440/839
f 374/417/829 1513/1600/828 580/635/840 963/1018/836
f 1513/1600/828 92/113/817 1252/1307/841 580/635/840
f 580/635/840 1252/1307/841 243/270/842 964/1019/843
f 963/1018/836 580/635/840 964/1019/843 147/174/837
f 147/174/837 964/1019/843 581/636/844 965/1020/845
f 964/1019/843 243/270/842 1251/1306/846 581/636/844
f 581/636/844 1251/1306/846 39/52/847 1257/1312/848
f 965/1020/845 581/636/844 1257/1312/848 246/273/849
f 386/440/839 966/1021/838 582/637/850 1537/1646/851
f 966/1021/838 147/174/837 965/1020/845 582/637/850
f 582/637/850 965/1020/845 246/273/849 1258/1313/852
f 1537/1646/851 582/637/850 1258/1313/852 98/124/853
f 92/113/817 1511/1598/816 583/638/854 1252/1307/841
f 1511/1598/816 373/416/813 967/1022/855 583/638/854
f 583/638/854 967/1022/855 148/175/856 970/1025/857
f 1252/1307/841 583/638/854 970/1025/857 243/270/842
f 373/416/813 1512/1599/812 584/639/858 967/1022/855
f 1512/1599/812 11/33/769 1398/1453/859 584/639/858
f 584/639/858 1398/1453/859 316/343/860 968/1023/861
f 967/1022/855 584/639/858 968/1023/861 148/175/856
f 148/175/856 968/1023/861 585/640/862 969/1024/863
f 968/1023/861 316/343/860 1397/1452/864 585/640/862
f 585/640/862 1397/1452/864 63/76/865 1254/1309/866
f 969/1024/863 585/640/862 1254/1309/866 244/271/867
f 243/270/842 970/1025/857 586/641/868 1251/1306/846
f 970/1025/857 148/175/856 969/1024/863 586/641/868
f 586/641/868 969/1024/863 244/271/867 1253/1308/869
f 1251/1306/846 586/641/868 1253/1308/869 39/52/847
f 39/52/847 1253/1308/869 587/642/870 1255/1310/871
f 1253/1308/869 244/271/867 971/1026/872 587/642/870
f 587/642/870 971/1026/872 149/176/873 974/1029/874
f 1255/1310/871 587/642/870 974/1029/874 245/272/875
f 244/271/867 1254/1309/866 588/643/876 971/1026/872
f 1254/1309/866 63/76/865 1395/1450/877 588/643/876
f 588/643/876 1395/1450/877 315/342/878 972/1027/879
f 971/1026/872 588/643/876 972/1027/879 149/176/873
f 149/176/873 972/1027/879 589/644/880 973/1028/881
f 972/1027/879 315/342/878 1396/1451/882 589/644/880
f 589/644/880 1396/1451/882 24/18/883 1408/1463/884
f 973/1028/881 589/644/880 1408/1463/884 321/348/885
f 245/272/875 974/1029/874 590/645/886 1256/1311/887
f 974/1029/874 149/176/873 973/1028/881 590/645/886
f 590/645/886 973/1028/881 321/348/885 1407/1462/888
f 1256/1311/887 590/645/886 1407/1462/888 66/79/889
f 98/124/853 1258/1313/852 591/646/890 1535/1642/891
f 1258/1313/852 246/273/849 975/1030/892 591/646/890
f 591/646/890 975/1030/892 150/177/893 978/1033/894
f 1535/1642/891 591/646/890 978/1033/894 385/438/895
f 246/273/849 1257/1312/848 592/647/896 975/1030/892
f 1257/1312/848 39/52/847 1255/1310/871 592/647/896
f 592/647/896 1255/1310/871 245/272/875 976/1031/897
f 975/1030/892 592/647/896 976/1031/897 150/177/893
f 150/177/893 976/1031/897 593/648/898 977/1032/899
f 976/1031/897 245/272/875 1256/1311/887 593/648/898
f 593/648/898 1256/1311/887 66/79/889 1409/1464/900
f 977/1032/899 593/648/898 1409/1464/900 322/349/901
f 385/438/895 978/1033/894 594/649/902 1536/1644/903
f 978/1033/894 150/177/893 977/1032/899 594/649/902
f 594/649/902 977/1032/899 322/349/901 1410/1465/904
f 1536/1644/903 594/649/902 1410/1465/904 14/38/905
f 11/33/769 1508/1595/768 595/650/906 1398/1453/859
f 1508/1595/768 371/414/765 979/1034/907 595/650/906
f 595/650/906 979/1034/907 151/178/908 982/1037/909
f 1398/1453/859 595/650/906 982/1037/909 316/343/860
f 371/414/765 1507/1594/764 596/651/910 979/1034/907
f 1507/1594/764 91/112/753 1260/1315/911 596/651/910
f 596/651/910 1260/1315/911 247/274/912 980/1035/913
f 979/1034/907 596/651/910 980/1035/913 151/178/908
f 151/178/908 980/1035/913 597/652/914 981/1036/915
f 980/1035/913 247/274/912 1259/1314/916 597/652/914
f 597/652/914 1259/1314/916 40/53/917 1265/1320/918
f 981/1036/915 597/652/914 1265/1320/918 250/277/919
f 316/343/860 982/1037/909 598/653/920 1397/1452/864
f 982/1037/909 151/178/908 981/1036/915 598/653/920
f 598/653/920 981/1036/915 250/277/919 1266/1321/921
f 1397/1452/864 598/653/920 1266/1321/921 63/76/865
f 91/112/753 1509/1596/752 599/654/922 1260/1315/911
f 1509/1596/752 372/415/749 983/1038/923 599/654/922
f 599/654/922 983/1038/923 152/179/924 986/1041/925
f 1260/1315/911 599/654/922 986/1041/925 247/274/912
f 372/415/749 1510/1597/748 600/655/926 983/1038/923
f 1510/1597/748 8/13/747 1526/1624/927 600/655/926
f 600/655/926 1526/1624/927 380/428/928 984/1039/929
f 983/1038/923 600/655/926 984/1039/929 152/179/924
f 152/179/924 984/1039/929 601/656/930 985/1040/931
f 984/1039/929 380/428/928 1525/1622/932 601/656/930
f 601/656/930 1525/1622/932 95/118/933 1262/1317/934
f 985/1040/931 601/656/930 1262/1317/934 248/275/935
f 247/274/912 986/1041/925 602/657/936 1259/1314/916
f 986/1041/925 152/179/924 985/1040/931 602/657/936
f 602/657/936 985/1040/931 248/275/935 1261/1316/937
f 1259/1314/916 602/657/936 1261/1316/937 40/53/917
f 40/53/917 1261/1316/937 603/658/938 1263/1318/939
f 1261/1316/937 248/275/935 987/1042/940 603/658/938
f 603/658/938 987/1042/940 153/180/941 990/1045/942
f 1263/1318/939 603/658/938 990/1045/942 249/276/943
f 248/275/935 1262/1317/934 604/659/944 987/1042/940
f 1262/1317/934 95/118/933 1523/1618/945 604/659/944
f 604/659/944 1523/1618/945 379/426/946 988/1043/947
f 987/1042/940 604/659/944 988/1043/947 153/180/941
f 153/180/941 988/1043/947 605/660/948 989/1044/949
f 988/1043/947 379/426/946 1524/1620/950 605/660/948
f 605/660/948 1524/1620/950 13/36/951 1402/1457/952
f 989/1044/949 605/660/948 1402/1457/952 318/345/953
f 249/276/943 990/1045/942 606/661/954 1264/1319/955
f 990/1045/942 153/180/941 989/1044/949 606/661/954
f 606/661/954 989/1044/949 318/345/953 1401/1456/956
f 1264/1319/955 606/661/954 1401/1456/956 64/77/957
f 63/76/865 1266/1321/921 607/662/958 1395/1450/877
f 1266/1321/921 250/277/919 991/1046/959 607/662/958
f 607/662/958 991/1046/959 154/181/960 994/1049/961
f 1395/1450/877 607/662/958 994/1049/961 315/342/878
f 250/277/919 1265/1320/918 608/663/962 991/1046/959
f 1265/1320/918 40/53/917 1263/1318/939 608/663/962
f 608/663/962 1263/1318/939 249/276/943 992/1047/963
f 991/1046/959 608/663/962 992/1047/963 154/181/960
f 154/181/960 992/1047/963 609/664/964 993/1048/965
f 992/1047/963 249/276/943 1264/1319/955 609/664/964
f 609/664/964 1264/1319/955 64/77/957 1399/1454/966
f 993/1048/965 609/664/964 1399/1454/966 317/344/967
f 315/342/878 994/1049/961 610/665/968 1396/1451/882
f 994/1049/961 154/181/960 993/1048/965 610/665/968
f 610/665/968 993/1048/965 317/344/967 1400/1455/969
f 1396/1451/882 610/665/968 1400/1455/969 24/18/883
f 24/18/883 1400/1455/969 611/666/970 1404/1459/971
f 1400/1455/969 317/344/967 995/1050/972 611/666/970
f 611/666/970 995/1050/972 155/182/973 998/1053/974
f 1404/1459/971 611/666/970 998/1053/974 319/346/975
f 317/344/967 1399/1454/966 612/667/976 995/1050/972
f 1399/1454/966 64/77/957 1268/1323/977 612/667/976
f 612/667/976 1268/1323/977 251/278/978 996/1051/979
f 995/1050/972 612/667/976 996/1051/979 155/182/973
f 155/182/973 996/1051/979 613/668/980 997/1052/981
f 996/1051/979 251/278/978 1267/1322/982 613/668/980
f 613/668/980 1267/1322/982 41/54/983 1273/1328/984
f 997/1052/981 613/668/980 1273/1328/984 254/281/985
f 319/346/975 998/1053/974 614/669/986 1403/1458/987
f 998/1053/974 155/182/973 997/1052/981 614/669/986
f 614/669/986 997/1052/981 254/281/985 1274/1329/988
f 1403/1458/987 614/669/986 1274/1329/988 65/78/989
f 64/77/957 1401/1456/956 615/670/990 1268/1323/977
f 1401/1456/956 318/345/953 999/1054/991 615/670/990
f 615/670/990 999/1054/991 156/183/992 1002/1057/993
f 1268/1323/977 615/670/990 1002/1057/993 251/278/978
f 318/345/953 1402/1457/952 616/671/994 999/1054/991
f 1402/1457/952 13/36/951 1528/1628/995 616/671/994
f 616/671/994 1528/1628/995 381/430/996 1000/1055/997
f 999/1054/991 616/671/994 1000/1055/997 156/183/992
f 156/183/992 1000/1055/997 617/672/998 1001/1056/999
f 1000/1055/997 381/430/996 1527/1626/1000 617/672/998
f 617/672/998 1527/1626/1000 96/120/1001 1270/1325/1002
f 1001/1056/999 617/672/998 1270/1325/1002 252/279/1003
f 251/278/978 1002/1057/993 618/673/1004 1267/1322/982
f 1002/1057/993 156/183/992 1001/1056/999 618/673/1004
f 618/673/1004 1001/1056/999 252/279/1003 1269/1324/1005
f 1267/1322/982 618/673/1004 1269/1324/1005 41/54/983
f 41/54/983 1269/1324/1005 619/674/1006 1271/1326/1007
f 1269/1324/1005 252/279/1003 1003/1058/1008 619/674/1006
f 619/674/1006 1003/1058/1008 157/184/1009 1006/1061/1010
f 1271/1326/1007 619/674/1006 1006/1061/1010 253/280/1011
f 252/279/1003 1270/1325/1002 620/675/1012 1003/1058/1008
f 1270/1325/1002 96/120/1001 1529/1630/1013 620/675/1012
f 620/675/1012 1529/1630/1013 382/432/1014 1004/1059/1015
f 1003/1058/1008 620/675/1012 1004/1059/1015 157/184/1009
f 157/184/1009 1004/1059/1015 621/676/1016 1005/1060/1017
f 1004/1059/1015 382/432/1014 1530/1632/1018 621/676/1016
f 621/676/1016 1530/1632/1018 2/4/110 1450/1513/108
f 1005/1060/1017 621/676/1016 1450/1513/108 342/373/104
f 253/280/1011 1006/1061/1010 622/677/1019 1272/1327/1020
f 1006/1061/1010 157/184/1009 1005/1060/1017 622/677/1019
f 622/677/1019 1005/1060/1017 342/373/104 1449/1511/102
f 1272/1327/1020 622/677/1019 1449/1511/102 76/91/90
f 65/78/989 1274/1329/988 623/678/1021 1405/1460/1022
f 1274/1329/988 254/281/985 1007/1062/1023 623/678/1021
f 623/678/1021 1007/1062/1023 158/185/1024 1010/1065/1025
f 1405/1460/1022 623/678/1021 1010/1065/1025 320/347/1026
f 254/281/985 1273/1328/984 624/679/1027 1007/1062/1023
f 1273/1328/984 41/54/983 1271/1326/1007 624/679/1027
f 624/679/1027 1271/1326/1007 253/280/1011 1008/1063/1028
f 1007/1062/1023 624/679/1027 1008/1063/1028 158/185/1024
f 158/185/1024 1008/1063/1028 625/680/1029 1009/1064/1030
f 1008/1063/1028 253/280/1011 1272/1327/1020 625/680/1029
f 625/680/1029 1272/1327/1020 76/91/90 1447/1507/88
f 1009/1064/1030 625/680/1029 1447/1507/88 341/371/84
f 320/347/1026 1010/1065/1025 626/681/1031 1406/1461/1032
f 1010/1065/1025 158/185/1024 1009/1064/1030 626/681/1031
f 626/681/1031 1009/1064/1030 341/371/84 1448/1509/82
f 1406/1461/1032 626/681/1031 1448/1509/82 15/22/34
f 14/38/905 1410/1465/904 627/682/1033 1532/1636/1034
f 1410/1465/904 322/349/901 1011/1066/1035 627/682/1033
f 627/682/1033 1011/1066/1035 159/186/1036 1014/1069/1037
f 1532/1636/1034 627/682/1033 1014/1069/1037 383/434/1038
f 322/349/901 1409/1464/900 628/683/1039 1011/1066/1035
f 1409/1464/900 66/79/889 1276/1331/1040 628/683/1039
f 628/683/1039 1276/1331/1040 255/282/1041 1012/1067/1042
f 1011/1066/1035 628/683/1039 1012/1067/1042 159/186/1036
f 159/186/1036 1012/1067/1042 629/684/1043 1013/1068/1044
f 1012/1067/1042 255/282/1041 1275/1330/1045 629/684/1043
f 629/684/1043 1275/1330/1045 42/55/1046 1281/1336/1047
f 1013/1068/1044 629/684/1043 1281/1336/1047 258/285/1048
f 383/434/1038 1014/1069/1037 630/685/1049 1531/1634/1050
f 1014/1069/1037 159/186/1036 1013/1068/1044 630/685/1049
f 630/685/1049 1013/1068/1044 258/285/1048 1282/1337/1051
f 1531/1634/1050 630/685/1049 1282/1337/1051 97/122/1052
f 66/79/889 1407/1462/888 631/686/1053 1276/1331/1040
f 1407/1462/888 321/348/885 1015/1070/1054 631/686/1053
f 631/686/1053 1015/1070/1054 160/187/1055 1018/1073/1056
f 1276/1331/1040 631/686/1053 1018/1073/1056 255/282/1041
f 321/348/885 1408/1463/884 632/687/1057 1015/1070/1054
f 1408/1463/884 24/18/883 1404/1459/971 632/687/1057
f 632/687/1057 1404/1459/971 319/346/975 1016/1071/1058
f 1015/1070/1054 632/687/1057 1016/1071/1058 160/187/1055
f 160/187/1055 1016/1071/1058 633/688/1059 1017/1072/1060
f 1016/1071/1058 319/346/975 1403/1458/987 633/688/1059
f 633/688/1059 1403/1458/987 65/78/989 1278/1333/1061
f 1017/1072/1060 633/688/1059 1278/1333/1061 256/283/1062
f 255/282/1041 1018/1073/1056 634/689/1063 1275/1330/1045
f 1018/1073/1056 160/187/1055 1017/1072/1060 634/689/1063
f 634/689/1063 1017/1072/1060 256/283/1062 1277/1332/1064
f 1275/1330/1045 634/689/1063 1277/1332/1064 42/55/1046
f 42/55/1046 1277/1332/1064 635/690/1065 1279/1334/1066
f 1277/1332/1064 256/283/1062 1019/1074/1067 635/690/1065
f 635/690/1065 1019/1074/1067 161/188/1068 1022/1077/1069
f 1279/1334/1066 635/690/1065 1022/1077/1069 257/284/1070
f 256/283/1062 1278/1333/1061 636/691/1071 1019/1074/1067
f 1278/1333/1061 65/78/989 1405/1460/1022 636/691/1071
f 636/691/1071 1405/1460/1022 320/347/1026 1020/1075/1072
f 1019/1074/1067 636/691/1071 1020/1075/1072 161/188/1068
f 161/188/1068 1020/1075/1072 637/692/1073 1021/1076/1074
f 1020/1075/1072 320/347/1026 1406/1461/1032 637/692/1073
f 637/692/1073 1406/1461/1032 15/22/34 1444/1501/32
f 1021/1076/1074 637/692/1073 1444/1501/32 339/367/28
f 257/284/1070 1022/1077/1069 638/693/1075 1280/1335/1076
f 1022/1077/1069 161/188/1068 1021/1076/1074 638/693/1075
f 638/693/1075 1021/1076/1074 339/367/28 1443/1499/26
f 1280/1335/1076 638/693/1075 1443/1499/26 75/89/12
f 97/122/1052 1282/1337/1051 639/694/1077 1533/1638/1078
f 1282/1337/1051 258/285/1048 1023/1078/1079 639/694/1077
f 639/694/1077 1023/1078/1079 162/189/1080 1026/1081/1081
f 1533/1638/1078 639/694/1077 1026/1081/1081 384/436/1082
f 258/285/1048 1281/1336/1047 640/695/1083 1023/1078/1079
f 1281/1336/1047 42/55/1046 1279/1334/1066 640/695/1083
f 640/695/1083 1279/1334/1066 257/284/1070 1024/1079/1084
f 1023/1078/1079 640/695/1083 1024/1079/1084 162/189/1080
f 162/189/1080 1024/1079/1084 641/696/1085 1025/1080/1086
f 1024/1079/1084 257/284/1070 1280/1335/1076 641/696/1085
f 641/696/1085 1280/1335/1076 75/89/12 1445/1503/10
f 1025/1080/1086 641/696/1085 1445/1503/10 340/369/5
f 384/436/1082 1026/1081/1081 642/697/1087 1534/1640/1088
f 1026/1081/1081 162/189/1080 1025/1080/1086 642/697/1087
f 642/697/1087 1025/1080/1086 340/369/5 1446/1505/2
f 1534/1640/1088 642/697/1087 1446/1505/2 1/2/1
f 2/3/110 1530/1633/1018 643/698/1089 1454/1517/111
f 1530/1633/1018 382/433/1014 1027/1082/1090 643/698/1089
f 643/698/1089 1027/1082/1090 163/190/1091 1030/1085/1092
f 1454/1517/111 643/698/1089 1030/1085/1092 344/375/112
f 382/433/1014 1529/1631/1013 644/699/1093 1027/1082/1090
f 1529/1631/1013 96/121/1001 1284/1339/1094 644/699/1093
f 644/699/1093 1284/1339/1094 259/286/1095 1028/1083/1096
f 1027/1082/1090 644/699/1093 1028/1083/1096 163/190/1091
f 163/190/1091 1028/1083/1096 645/700/1097 1029/1084/1098
f 1028/1083/1096 259/286/1095 1283/1338/1099 645/700/1097
f 645/700/1097 1283/1338/1099 43/56/1100 1289/1344/1101
f 1029/1084/1098 645/700/1097 1289/1344/1101 262/289/1102
f 344/375/112 1030/1085/1092 646/701/1103 1453/1516/116
f 1030/1085/1092 163/190/1091 1029/1084/1098 646/701/1103
f 646/701/1103 1029/1084/1098 262/289/1102 1290/1345/1104
f 1453/1516/116 646/701/1103 1290/1345/1104 77/92/117
f 96/121/1001 1527/1627/1000 647/702/1105 1284/1339/1094
f 1527/1627/1000 381/431/996 1031/1086/1106 647/702/1105
f 647/702/1105 1031/1086/1106 164/191/1107 1034/1089/1108
f 1284/1339/1094 647/702/1105 1034/1089/1108 259/286/1095
f 381/431/996 1528/1629/995 648/703/1109 1031/1086/1106
f 1528/1629/995 13/37/951 1414/1469/1110 648/703/1109
f 648/703/1109 1414/1469/1110 324/351/1111 1032/1087/1112
f 1031/1086/1106 648/703/1109 1032/1087/1112 164/191/1107
f 164/191/1107 1032/1087/1112 649/704/1113 1033/1088/1114
f 1032/1087/1112 324/351/1111 1413/1468/1115 649/704/1113
f 649/704/1113 1413/1468/1115 67/80/1116 1286/1341/1117
f 1033/1088/1114 649/704/1113 1286/1341/1117 260/287/1118
f 259/286/1095 1034/1089/1108 650/705/1119 1283/1338/1099
f 1034/1089/1108 164/191/1107 1033/1088/1114 650/705/1119
f 650/705/1119 1033/1088/1114 260/287/1118 1285/1340/1120
f 1283/1338/1099 650/705/1119 1285/1340/1120 43/56/1100
f 43/56/1100 1285/1340/1120 651/706/1121 1287/1342/1122
f 1285/1340/1120 260/287/1118 1035/1090/1123 651/706/1121
f 651/706/1121 1035/1090/1123 165/192/1124 1038/1093/1125
f 1287/1342/1122 651/706/1121 1038/1093/1125 261/288/1126
f 260/287/1118 1286/1341/1117 652/707/1127 1035/1090/1123
f 1286/1341/1117 67/80/1116 1411/1466/1128 652/707/1127
f 652/707/1127 1411/1466/1128 323/350/1129 1036/1091/1130
f 1035/1090/1123 652/707/1127 1036/1091/1130 165/192/1124
f 165/192/1124 1036/1091/1130 653/708/1131 1037/1092/1132
f 1036/1091/1130 323/350/1129 1412/1467/1133 653/708/1131
f 653/708/1131 1412/1467/1133 25/19/1134 1424/1479/1135
f 1037/1092/1132 653/708/1131 1424/1479/1135 329/356/1136
f 261/288/1126 1038/1093/1125 654/709/1137 1288/1343/1138
f 1038/1093/1125 165/192/1124 1037/1092/1132 654/709/1137
f 654/709/1137 1037/1092/1132 329/356/1136 1423/1478/1139
f 1288/1343/1138 654/709/1137 1423/1478/1139 70/83/1140
f 77/92/117 1290/1345/1104 655/710/1141 1451/1514/129
f 1290/1345/1104 262/289/1102 1039/1094/1142 655/710/1141
f 655/710/1141 1039/1094/1142 166/193/1143 1042/1097/1144
f 1451/1514/129 655/710/1141 1042/1097/1144 343/374/130
f 262/289/1102 1289/1344/1101 656/711/1145 1039/1094/1142
f 1289/1344/1101 43/56/1100 1287/1342/1122 656/711/1145
f 656/711/1145 1287/1342/1122 261/288/1126 1040/1095/1146
f 1039/1094/1142 656/711/1145 1040/1095/1146 166/193/1143
f 166/193/1143 1040/1095/1146 657/712/1147 1041/1096/1148
f 1040/1095/1146 261/288/1126 1288/1343/1138 657/712/1147
f 657/712/1147 1288/1343/1138 70/83/1140 1425/1480/1149
f 1041/1096/1148 657/712/1147 1425/1480/1149 330/357/1150
f 343/374/130 1042/1097/1144 658/713/1151 1452/1515/134
f 1042/1097/1144 166/193/1143 1041/1096/1148 658/713/1151
f 658/713/1151 1041/1096/1148 330/357/1150 1426/1481/1152
f 1452/1515/134 658/713/1151 1426/1481/1152 16/23/135
f 13/37/951 1524/1621/950 659/714/1153 1414/1469/1110
f 1524/1621/950 379/427/946 1043/1098/1154 659/714/1153
f 659/714/1153 1043/1098/1154 167/194/1155 1046/1101/1156
f 1414/1469/1110 659/714/1153 1046/1101/1156 324/351/1111
f 379/427/946 1523/1619/945 660/715/1157 1043/1098/1154
f 1523/1619/945 95/119/933 1292/1347/1158 660/715/1157
f 660/715/1157 1292/1347/1158 263/290/1159 1044/1099/1160
f 1043/1098/1154 660/715/1157 1044/1099/1160 167/194/1155
f 167/194/1155 1044/1099/1160 661/716/1161 1045/1100/1162
f 1044/1099/1160 263/290/1159 1291/1346/1163 661/716/1161
f 661/716/1161 1291/1346/1163 44/57/1164 1297/1352/1165
f 1045/1100/1162 661/716/1161 1297/1352/1165 266/293/1166
f 324/351/1111 1046/1101/1156 662/717/1167 1413/1468/1115
f 1046/1101/1156 167/194/1155 1045/1100/1162 662/717/1167
f 662/717/1167 1045/1100/1162 266/293/1166 1298/1353/1168
f 1413/1468/1115 662/717/1167 1298/1353/1168 67/80/1116
f 95/119/933 1525/1623/932 663/718/1169 1292/1347/1158
f 1525/1623/932 380/429/928 1047/1102/1170 663/718/1169
f 663/718/1169 1047/1102/1170 168/195/1171 1050/1105/1172
f 1292/1347/1158 663/718/1169 1050/1105/1172 263/290/1159
f 380/429/928 1526/1625/927 664/719/1173 1047/1102/1170
f 1526/1625/927 8/14/747 1506/1593/746 664/719/1173
f 664/719/1173 1506/1593/746 370/413/742 1048/1103/1174
f 1047/1102/1170 664/719/1173 1048/1103/1174 168/195/1171
f 168/195/1171 1048/1103/1174 665/720/1175 1049/1104/1176
f 1048/1103/1174 370/413/742 1505/1591/741 665/720/1175
f 665/720/1175 1505/1591/741 90/111/729 1294/1349/1177
f 1049/1104/1176 665/720/1175 1294/1349/1177 264/291/1178
f 263/290/1159 1050/1105/1172 666/721/1179 1291/1346/1163
f 1050/1105/1172 168/195/1171 1049/1104/1176 666/721/1179
f 666/721/1179 1049/1104/1176 264/291/1178 1293/1348/1180
f 1291/1346/1163 666/721/1179 1293/1348/1180 44/57/1164
f 44/57/1164 1293/1348/1180 667/722/1181 1295/1350/1182
f 1293/1348/1180 264/291/1178 1051/1106/1183 667/722/1181
f 667/722/1181 1051/1106/1183 169/196/1184 1054/1109/1185
f 1295/1350/1182 667/722/1181 1054/1109/1185 265/292/1186
f 264/291/1178 1294/1349/1177 668/723/1187 1051/1106/1183
f 1294/1349/1177 90/111/729 1503/1587/728 668/723/1187
f 668/723/1187 1503/1587/728 369/411/724 1052/1107/1188
f 1051/1106/1183 668/723/1187 1052/1107/1188 169/196/1184
f 169/196/1184 1052/1107/1188 669/724/1189 1053/1108/1190
f 1052/1107/1188 369/411/724 1504/1589/723 669/724/1189
f 669/724/1189 1504/1589/723 10/32/679 1418/1473/1191
f 1053/1108/1190 669/724/1189 1418/1473/1191 326/353/1192
f 265/292/1186 1054/1109/1185 670/725/1193 1296/1351/1194
f 1054/1109/1185 169/196/1184 1053/1108/1190 670/725/1193
f 670/725/1193 1053/1108/1190 326/353/1192 1417/1472/1195
f 1296/1351/1194 670/725/1193 1417/1472/1195 68/81/1196
f 67/80/1116 1298/1353/1168 671/726/1197 1411/1466/1128
f 1298/1353/1168 266/293/1166 1055/1110/1198 671/726/1197
f 671/726/1197 1055/1110/1198 170/197/1199 1058/1113/1200
f 1411/1466/1128 671/726/1197 1058/1113/1200 323/350/1129
f 266/293/1166 1297/1352/1165 672/727/1201 1055/1110/1198
f 1297/1352/1165 44/57/1164 1295/1350/1182 672/727/1201
f 672/727/1201 1295/1350/1182 265/292/1186 1056/1111/1202
f 1055/1110/1198 672/727/1201 1056/1111/1202 170/197/1199
f 170/197/1199 1056/1111/1202 673/728/1203 1057/1112/1204
f 1056/1111/1202 265/292/1186 1296/1351/1194 673/728/1203
f 673/728/1203 1296/1351/1194 68/81/1196 1415/1470/1205
f 1057/1112/1204 673/728/1203 1415/1470/1205 325/352/1206
f 323/350/1129 1058/1113/1200 674/729/1207 1412/1467/1133
f 1058/1113/1200 170/197/1199 1057/1112/1204 674/729/1207
f 674/729/1207 1057/1112/1204 325/352/1206 1416/1471/1208
f 1412/1467/1133 674/729/1207 1416/1471/1208 25/19/1134
f 25/19/1134 1416/1471/1208 675/730/1209 1420/1475/1210
f 1416/1471/1208 325/352/1206 1059/1114/1211 675/730/1209
f 675/730/1209 1059/1114/1211 171/198/1212 1062/1117/1213
f 1420/1475/1210 675/730/1209 1062/1117/1213 327/354/1214
f 325/352/1206 1415/1470/1205 676/731/1215 1059/1114/1211
f 1415/1470/1205 68/81/1196 1300/1355/1216 676/731/1215
f 676/731/1215 1300/1355/1216 267/294/1217 1060/1115/1218
f 1059/1114/1211 676/731/1215 1060/1115/1218 171/198/1212
f 171/198/1212 1060/1115/1218 677/732/1219 1061/1116/1220
f 1060/1115/1218 267/294/1217 1299/1354/1221 677/732/1219
f 677/732/1219 1299/1354/1221 45/58/1222 1305/1360/1223
f 1061/1116/1220 677/732/1219 1305/1360/1223 270/297/1224
f 327/354/1214 1062/1117/1213 678/733/1225 1419/1474/1226
f 1062/1117/1213 171/198/1212 1061/1116/1220 678/733/1225
f 678/733/1225 1061/1116/1220 270/297/1224 1306/1361/1227
f 1419/1474/1226 678/733/1225 1306/1361/1227 69/82/1228
f 68/81/1196 1417/1472/1195 679/734/1229 1300/1355/1216
f 1417/1472/1195 326/353/1192 1063/1118/1230 679/734/1229
f 679/734/1229 1063/1118/1230 172/199/1231 1066/1121/1232
f 1300/1355/1216 679/734/1229 1066/1121/1232 267/294/1217
f 326/353/1192 1418/1473/1191 680/735/1233 1063/1118/1230
f 1418/1473/1191 10/32/679 1500/1581/678 680/735/1233
f 680/735/1233 1500/1581/678 367/407/674 1064/1119/1234
f 1063/1118/1230 680/735/1233 1064/1119/1234 172/199/1231
f 172/199/1231 1064/1119/1234 681/736/1235 1065/1120/1236
f 1064/1119/1234 367/407/674 1499/1579/673 681/736/1235
f 681/736/1235 1499/1579/673 89/109/661 1302/1357/1237
f 1065/1120/1236 681/736/1235 1302/1357/1237 268/295/1238
f 267/294/1217 1066/1121/1232 682/737/1239 1299/1354/1221
f 1066/1121/1232 172/199/1231 1065/1120/1236 682/737/1239
f 682/737/1239 1065/1120/1236 268/295/1238 1301/1356/1240
f 1299/1354/1221 682/737/1239 1301/1356/1240 45/58/1222
f 45/58/1222 1301/1356/1240 683/738/1241 1303/1358/1242
f 1301/1356/1240 268/295/1238 1067/1122/1243 683/738/1241
f 683/738/1241 1067/1122/1243 173/200/1244 1070/1125/1245
f 1303/1358/1242 683/738/1241 1070/1125/1245 269/296/1246
f 268/295/1238 1302/1357/1237 684/739/1247 1067/1122/1243
f 1302/1357/1237 89/109/661 1501/1583/660 684/739/1247
f 684/739/1247 1501/1583/660 368/409/656 1068/1123/1248
f 1067/1122/1243 684/739/1247 1068/1123/1248 173/200/1244
f 173/200/1244 1068/1123/1248 685/740/1249 1069/1124/1250
f 1068/1123/1248 368/409/656 1502/1585/655 685/740/1249
f 685/740/1249 1502/1585/655 6/10/475 1482/1553/474
f 1069/1124/1250 685/740/1249 1482/1553/474 358/393/470
f 269/296/1246 1070/1125/1245 686/741/1251 1304/1359/1252
f 1070/1125/1245 173/200/1244 1069/1124/1250 686/741/1251
f 686/741/1251 1069/1124/1250 358/393/470 1481/1551/469
f 1304/1359/1252 686/741/1251 1481/1551/469 84/101/457
f 69/82/1228 1306/1361/1227 687/742/1253 1421/1476/1254
f 1306/1361/1227 270/297/1224 1071/1126/1255 687/742/1253
f 687/742/1253 1071/1126/1255 174/201/1256 1074/1129/1257
f 1421/1476/1254 687/742/1253 1074/1129/1257 328/355/1258
f 270/297/1224 1305/1360/1223 688/743/1259 1071/1126/1255
f 1305/1360/1223 45/58/1222 1303/1358/1242 688/743/1259
f 688/743/1259 1303/1358/1242 269/296/1246 1072/1127/1260
f 1071/1126/1255 688/743/1259 1072/1127/1260 174/201/1256
f 174/201/1256 1072/1127/1260 689/744/1261 1073/1128/1262
f 1072/1127/1260 269/296/1246 1304/1359/1252 689/744/1261
f 689/744/1261 1304/1359/1252 84/101/457 1479/1547/456
f 1073/1128/1262 689/744/1261 1479/1547/456 357/391/452
f 328/355/1258 1074/1129/1257 690/745/1263 1422/1477/1264
f 1074/1129/1257 174/201/1256 1073/1128/1262 690/745/1263
f 690/745/1263 1073/1128/1262 357/391/452 1480/1549/451
f 1422/1477/1264 690/745/1263 1480/1549/451 19/27/407
f 16/23/135 1426/1481/1152 691/746/1265 1456/1519/179
f 1426/1481/1152 330/357/1150 1075/1130/1266 691/746/1265
f 691/746/1265 1075/1130/1266 175/202/1267 1078/1133/1268
f 1456/1519/179 691/746/1265 1078/1133/1268 345/376/180
f 330/357/1150 1425/1480/1149 692/747/1269 1075/1130/1266
f 1425/1480/1149 70/83/1140 1308/1363/1270 692/747/1269
f 692/747/1269 1308/1363/1270 271/298/1271 1076/1131/1272
f 1075/1130/1266 692/747/1269 1076/1131/1272 175/202/1267
f 175/202/1267 1076/1131/1272 693/748/1273 1077/1132/1274
f 1076/1131/1272 271/298/1271 1307/1362/1275 693/748/1273
f 693/748/1273 1307/1362/1275 46/59/1276 1313/1368/1277
f 1077/1132/1274 693/748/1273 1313/1368/1277 274/301/1278
f 345/376/180 1078/1133/1268 694/749/1279 1455/1518/184
f 1078/1133/1268 175/202/1267 1077/1132/1274 694/749/1279
f 694/749/1279 1077/1132/1274 274/301/1278 1314/1369/1280
f 1455/1518/184 694/749/1279 1314/1369/1280 78/93/185
f 70/83/1140 1423/1478/1139 695/750/1281 1308/1363/1270
f 1423/1478/1139 329/356/1136 1079/1134/1282 695/750/1281
f 695/750/1281 1079/1134/1282 176/203/1283 1082/1137/1284
f 1308/1363/1270 695/750/1281 1082/1137/1284 271/298/1271
f 329/356/1136 1424/1479/1135 696/751/1285 1079/1134/1282
f 1424/1479/1135 25/19/1134 1420/1475/1210 696/751/1285
f 696/751/1285 1420/1475/1210 327/354/1214 1080/1135/1286
f 1079/1134/1282 696/751/1285 1080/1135/1286 176/203/1283
f 176/203/1283 1080/1135/1286 697/752/1287 1081/1136/1288
f 1080/1135/1286 327/354/1214 1419/1474/1226 697/752/1287
f 697/752/1287 1419/1474/1226 69/82/1228 1310/1365/1289
f 1081/1136/1288 697/752/1287 1310/1365/1289 272/299/1290
f 271/298/1271 1082/1137/1284 698/753/1291 1307/1362/1275
f 1082/1137/1284 176/203/1283 1081/1136/1288 698/753/1291
f 698/753/1291 1081/1136/1288 272/299/1290 1309/1364/1292
f 1307/1362/1275 698/753/1291 1309/1364/1292 46/59/1276
f 46/59/1276 1309/1364/1292 699/754/1293 1311/1366/1294
f 1309/1364/1292 272/299/1290 1083/1138/1295 699/754/1293
f 699/754/1293 1083/1138/1295 177/204/1296 1086/1141/1297
f 1311/1366/1294 699/754/1293 1086/1141/1297 273/300/1298
f 272/299/1290 1310/1365/1289 700/755/1299 1083/1138/1295
f 1310/1365/1289 69/82/1228 1421/1476/1254 700/755/1299
f 700/755/1299 1421/1476/1254 328/355/1258 1084/1139/1300
f 1083/1138/1295 700/755/1299 1084/1139/1300 177/204/1296
f 177/204/1296 1084/1139/1300 701/756/1301 1085/1140/1302
f 1084/1139/1300 328/355/1258 1422/1477/1264 701/756/1301
f 701/756/1301 1422/1477/1264 19/27/407 1476/1541/406
f 1085/1140/1302 701/756/1301 1476/1541/406 355/387/402
f 273/300/1298 1086/1141/1297 702/757/1303 1312/1367/1304
f 1086/1141/1297 177/204/1296 1085/1140/1302 702/757/1303
f 702/757/1303 1085/1140/1302 355/387/402 1475/1539/401
f 1312/1367/1304 702/757/1303 1475/1539/401 83/99/389
f 78/93/185 1314/1369/1280 703/758/1305 1457/1520/197
f 1314/1369/1280 274/301/1278 1087/1142/1306 703/758/1305
f 703/758/1305 1087/1142/1306 178/205/1307 1090/1145/1308
f 1457/1520/197 703/758/1305 1090/1145/1308 346/377/198
f 274/301/1278 1313/1368/1277 704/759/1309 1087/1142/1306
f 1313/1368/1277 46/59/1276 1311/1366/1294 704/759/1309
f 704/759/1309 1311/1366/1294 273/300/1298 1088/1143/1310
f 1087/1142/1306 704/759/1309 1088/1143/1310 178/205/1307
f 178/205/1307 1088/1143/1310 705/760/1311 1089/1144/1312
f 1088/1143/1310 273/300/1298 1312/1367/1304 705/760/1311
f 705/760/1311 1312/1367/1304 83/99/389 1477/1543/388
f 1089/1144/1312 705/760/1311 1477/1543/388 356/389/384
f 346/377/198 1090/1145/1308 706/761/1313 1458/1521/202
f 1090/1145/1308 178/205/1307 1089/1144/1312 706/761/1313
f 706/761/1313 1089/1144/1312 356/389/384 1478/1545/383
f 1458/1521/202 706/761/1313 1478/1545/383 4/6/203
f 7/12/833 1538/1649/835 707/762/1314 1518/1609/831
f 1538/1649/835 386/441/839 1091/1146/1315 707/762/1314
f 707/762/1314 1091/1146/1315 179/206/1316 1094/1149/1317
f 1518/1609/831 707/762/1314 1094/1149/1317 376/421/823
f 386/441/839 1537/1647/851 708/763/1318 1091/1146/1315
f 1537/1647/851 98/125/853 1316/1371/1319 708/763/1318
f 708/763/1318 1316/1371/1319 275/302/1320 1092/1147/1321
f 1091/1146/1315 708/763/1318 1092/1147/1321 179/206/1316
f 179/206/1316 1092/1147/1321 709/764/1322 1093/1148/1323
f 1092/1147/1321 275/302/1320 1315/1370/1324 709/764/1322
f 709/764/1322 1315/1370/1324 47/60/1325 1321/1376/1326
f 1093/1148/1323 709/764/1322 1321/1376/1326 278/305/1327
f 376/421/823 1094/1149/1317 710/765/1328 1517/1607/819
f 1094/1149/1317 179/206/1316 1093/1148/1323 710/765/1328
f 710/765/1328 1093/1148/1323 278/305/1327 1322/1377/1329
f 1517/1607/819 710/765/1328 1322/1377/1329 93/115/789
f 98/125/853 1535/1643/891 711/766/1330 1316/1371/1319
f 1535/1643/891 385/439/895 1095/1150/1331 711/766/1330
f 711/766/1330 1095/1150/1331 180/207/1332 1098/1153/1333
f 1316/1371/1319 711/766/1330 1098/1153/1333 275/302/1320
f 385/439/895 1536/1645/903 712/767/1334 1095/1150/1331
f 1536/1645/903 14/39/905 1430/1485/1335 712/767/1334
f 712/767/1334 1430/1485/1335 332/359/1336 1096/1151/1337
f 1095/1150/1331 712/767/1334 1096/1151/1337 180/207/1332
f 180/207/1332 1096/1151/1337 713/768/1338 1097/1152/1339
f 1096/1151/1337 332/359/1336 1429/1484/1340 713/768/1338
f 713/768/1338 1429/1484/1340 71/84/1341 1318/1373/1342
f 1097/1152/1339 713/768/1338 1318/1373/1342 276/303/1343
f 275/302/1320 1098/1153/1333 714/769/1344 1315/1370/1324
f 1098/1153/1333 180/207/1332 1097/1152/1339 714/769/1344
f 714/769/1344 1097/1152/1339 276/303/1343 1317/1372/1345
f 1315/1370/1324 714/769/1344 1317/1372/1345 47/60/1325
f 47/60/1325 1317/1372/1345 715/770/1346 1319/1374/1347
f 1317/1372/1345 276/303/1343 1099/1154/1348 715/770/1346
f 715/770/1346 1099/1154/1348 181/208/1349 1102/1157/1350
f 1319/1374/1347 715/770/1346 1102/1157/1350 277/304/1351
f 276/303/1343 1318/1373/1342 716/771/1352 1099/1154/1348
f 1318/1373/1342 71/84/1341 1427/1482/1353 716/771/1352
f 716/771/1352 1427/1482/1353 331/358/1354 1100/1155/1355
f 1099/1154/1348 716/771/1352 1100/1155/1355 181/208/1349
f 181/208/1349 1100/1155/1355 717/772/1356 1101/1156/1357
f 1100/1155/1355 331/358/1354 1428/1483/1358 717/772/1356
f 717/772/1356 1428/1483/1358 26/20/1359 1440/1495/1360
f 1101/1156/1357 717/772/1356 1440/1495/1360 337/364/1361
f 277/304/1351 1102/1157/1350 718/773/1362 1320/1375/1363
f 1102/1157/1350 181/208/1349 1101/1156/1357 718/773/1362
f 718/773/1362 1101/1156/1357 337/364/1361 1439/1494/1364
f 1320/1375/1363 718/773/1362 1439/1494/1364 74/87/1365
f 93/115/789 1322/1377/1329 719/774/1366 1515/1603/787
f 1322/1377/1329 278/305/1327 1103/1158/1367 719/774/1366
f 719/774/1366 1103/1158/1367 182/209/1368 1106/1161/1369
f 1515/1603/787 719/774/1366 1106/1161/1369 375/419/775
f 278/305/1327 1321/1376/1326 720/775/1370 1103/1158/1367
f 1321/1376/1326 47/60/1325 1319/1374/1347 720/775/1370
f 720/775/1370 1319/1374/1347 277/304/1351 1104/1159/1371
f 1103/1158/1367 720/775/1370 1104/1159/1371 182/209/1368
f 182/209/1368 1104/1159/1371 721/776/1372 1105/1160/1373
f 1104/1159/1371 277/304/1351 1320/1375/1363 721/776/1372
f 721/776/1372 1320/1375/1363 74/87/1365 1441/1496/1374
f 1105/1160/1373 721/776/1372 1441/1496/1374 338/365/1375
f 375/419/775 1106/1161/1369 722/777/1376 1516/1605/771
f 1106/1161/1369 182/209/1368 1105/1160/1373 722/777/1376
f 722/777/1376 1105/1160/1373 338/365/1375 1442/1497/1377
f 1516/1605/771 722/777/1376 1442/1497/1377 12/35/633
f 14/39/905 1532/1637/1034 723/778/1378 1430/1485/1335
f 1532/1637/1034 383/435/1038 1107/1162/1379 723/778/1378
f 723/778/1378 1107/1162/1379 183/210/1380 1110/1165/1381
f 1430/1485/1335 723/778/1378 1110/1165/1381 332/359/1336
f 383/435/1038 1531/1635/1050 724/779/1382 1107/1162/1379
f 1531/1635/1050 97/123/1052 1324/1379/1383 724/779/1382
f 724/779/1382 1324/1379/1383 279/306/1384 1108/1163/1385
f 1107/1162/1379 724/779/1382 1108/1163/1385 183/210/1380
f 183/210/1380 1108/1163/1385 725/780/1386 1109/1164/1387
f 1108/1163/1385 279/306/1384 1323/1378/1388 725/780/1386
f 725/780/1386 1323/1378/1388 48/61/1389 1329/1384/1390
f 1109/1164/1387 725/780/1386 1329/1384/1390 282/309/1391
f 332/359/1336 1110/1165/1381 726/781/1392 1429/1484/1340
f 1110/1165/1381 183/210/1380 1109/1164/1387 726/781/1392
f 726/781/1392 1109/1164/1387 282/309/1391 1330/1385/1393
f 1429/1484/1340 726/781/1392 1330/1385/1393 71/84/1341
f 97/123/1052 1533/1639/1078 727/782/1394 1324/1379/1383
f 1533/1639/1078 384/437/1082 1111/1166/1395 727/782/1394
f 727/782/1394 1111/1166/1395 184/211/1396 1114/1169/1397
f 1324/1379/1383 727/782/1394 1114/1169/1397 279/306/1384
f 384/437/1082 1534/1641/1088 728/783/1398 1111/1166/1395
f 1534/1641/1088 1/1/1 1474/1537/4 728/783/1398
f 728/783/1398 1474/1537/4 354/385/9 1112/1167/1399
f 1111/1166/1395 728/783/1398 1112/1167/1399 184/211/1396
f 184/211/1396 1112/1167/1399 729/784/1400 1113/1168/1401
f 1112/1167/1399 354/385/9 1473/1536/23 729/784/1400
f 729/784/1400 1473/1536/23 82/97/25 1326/1381/1402
f 1113/1168/1401 729/784/1400 1326/1381/1402 280/307/1403
f 279/306/1384 1114/1169/1397 730/785/1404 1323/1378/1388
f 1114/1169/1397 184/211/1396 1113/1168/1401 730/785/1404
f 730/785/1404 1113/1168/1401 280/307/1403 1325/1380/1405
f 1323/1378/1388 730/785/1404 1325/1380/1405 48/61/1389
f 48/61/1389 1325/1380/1405 731/786/1406 1327/1382/1407
f 1325/1380/1405 280/307/1403 1115/1170/1408 731/786/1406
f 731/786/1406 1115/1170/1408 185/212/1409 1118/1173/1410
f 1327/1382/1407 731/786/1406 1118/1173/1410 281/308/1411
f 280/307/1403 1326/1381/1402 732/787/1412 1115/1170/1408
f 1326/1381/1402 82/97/25 1471/1534/67 732/787/1412
f 732/787/1412 1471/1534/67 353/384/71 1116/1171/1413
f 1115/1170/1408 732/787/1412 1116/1171/1413 185/212/1409
f 185/212/1409 1116/1171/1413 733/788/1414 1117/1172/1415
f 1116/1171/1413 353/384/71 1472/1535/79 733/788/1414
f 733/788/1414 1472/1535/79 18/25/81 1434/1489/1416
f 1117/1172/1415 733/788/1414 1434/1489/1416 334/361/1417
f 281/308/1411 1118/1173/1410 734/789/1418 1328/1383/1419
f 1118/1173/1410 185/212/1409 1117/1172/1415 734/789/1418
f 734/789/1418 1117/1172/1415 334/361/1417 1433/1488/1420
f 1328/1383/1419 734/789/1418 1433/1488/1420 72/85/1421
f 71/84/1341 1330/1385/1393 735/790/1422 1427/1482/1353
f 1330/1385/1393 282/309/1391 1119/1174/1423 735/790/1422
f 735/790/1422 1119/1174/1423 186/213/1424 1122/1177/1425
f 1427/1482/1353 735/790/1422 1122/1177/1425 331/358/1354
f 282/309/1391 1329/1384/1390 736/791/1426 1119/1174/1423
f 1329/1384/1390 48/61/1389 1327/1382/1407 736/791/1426
f 736/791/1426 1327/1382/1407 281/308/1411 1120/1175/1427
f 1119/1174/1423 736/791/1426 1120/1175/1427 186/213/1424
f 186/213/1424 1120/1175/1427 737/792/1428 1121/1176/1429
f 1120/1175/1427 281/308/1411 1328/1383/1419 737/792/1428
f 737/792/1428 1328/1383/1419 72/85/1421 1431/1486/1430
f 1121/1176/1429 737/792/1428 1431/1486/1430 333/360/1431
f 331/358/1354 1122/1177/1425 738/793/1432 1428/1483/1358
f 1122/1177/1425 186/213/1424 1121/1176/1429 738/793/1432
f 738/793/1432 1121/1176/1429 333/360/1431 1432/1487/1433
f 1428/1483/1358 738/793/1432 1432/1487/1433 26/20/1359
f 26/20/1359 1432/1487/1433 739/794/1434 1436/1491/1435
f 1432/1487/1433 333/360/1431 1123/1178/1436 739/794/1434
f 739/794/1434 1123/1178/1436 187/214/1437 1126/1181/1438
f 1436/1491/1435 739/794/1434 1126/1181/1438 335/362/1439
f 333/360/1431 1431/1486/1430 740/795/1440 1123/1178/1436
f 1431/1486/1430 72/85/1421 1332/1387/1441 740/795/1440
f 740/795/1440 1332/1387/1441 283/310/1442 1124/1179/1443
f 1123/1178/1436 740/795/1440 1124/1179/1443 187/214/1437
f 187/214/1437 1124/1179/1443 741/796/1444 1125/1180/1445
f 1124/1179/1443 283/310/1442 1331/1386/1446 741/796/1444
f 741/796/1444 1331/1386/1446 49/62/1447 1337/1392/1448
f 1125/1180/1445 741/796/1444 1337/1392/1448 286/313/1449
f 335/362/1439 1126/1181/1438 742/797/1450 1435/1490/1451
f 1126/1181/1438 187/214/1437 1125/1180/1445 742/797/1450
f 742/797/1450 1125/1180/1445 286/313/1449 1338/1393/1452
f 1435/1490/1451 742/797/1450 1338/1393/1452 73/86/1453
f 72/85/1421 1433/1488/1420 743/798/1454 1332/1387/1441
f 1433/1488/1420 334/361/1417 1127/1182/1455 743/798/1454
f 743/798/1454 1127/1182/1455 188/215/1456 1130/1185/1457
f 1332/1387/1441 743/798/1454 1130/1185/1457 283/310/1442
f 334/361/1417 1434/1489/1416 744/799/1458 1127/1182/1455
f 1434/1489/1416 18/25/81 1468/1531/227 744/799/1458
f 744/799/1458 1468/1531/227 351/382/231 1128/1183/1459
f 1127/1182/1455 744/799/1458 1128/1183/1459 188/215/1456
f 188/215/1456 1128/1183/1459 745/800/1460 1129/1184/1461
f 1128/1183/1459 351/382/231 1467/1530/243 745/800/1460
f 745/800/1460 1467/1530/243 81/96/245 1334/1389/1462
f 1129/1184/1461 745/800/1460 1334/1389/1462 284/311/1463
f 283/310/1442 1130/1185/1457 746/801/1464 1331/1386/1446
f 1130/1185/1457 188/215/1456 1129/1184/1461 746/801/1464
f 746/801/1464 1129/1184/1461 284/311/1463 1333/1388/1465
f 1331/1386/1446 746/801/1464 1333/1388/1465 49/62/1447
f 49/62/1447 1333/1388/1465 747/802/1466 1335/1390/1467
f 1333/1388/1465 284/311/1463 1131/1186/1468 747/802/1466
f 747/802/1466 1131/1186/1468 189/216/1469 1134/1189/1470
f 1335/1390/1467 747/802/1466 1134/1189/1470 285/312/1471
f 284/311/1463 1334/1389/1462 748/803/1472 1131/1186/1468
f 1334/1389/1462 81/96/245 1469/1532/275 748/803/1472
f 748/803/1472 1469/1532/275 352/383/279 1132/1187/1473
f 1131/1186/1468 748/803/1472 1132/1187/1473 189/216/1469
f 189/216/1469 1132/1187/1473 749/804/1474 1133/1188/1475
f 1132/1187/1473 352/383/279 1470/1533/287 749/804/1474
f 749/804/1474 1470/1533/287 3/5/289 1498/1577/291
f 1133/1188/1475 749/804/1474 1498/1577/291 366/405/295
f 285/312/1471 1134/1189/1470 750/805/1476 1336/1391/1477
f 1134/1189/1470 189/216/1469 1133/1188/1475 750/805/1476
f 750/805/1476 1133/1188/1475 366/405/295 1497/1575/307
f 1336/1391/1477 750/805/1476 1497/1575/307 88/107/309
f 73/86/1453 1338/1393/1452 751/806/1478 1437/1492/1479
f 1338/1393/1452 286/313/1449 1135/1190/1480 751/806/1478
f 751/806/1478 1135/1190/1480 190/217/1481 1138/1193/1482
f 1437/1492/1479 751/806/1478 1138/1193/1482 336/363/1483
f 286/313/1449 1337/1392/1448 752/807/1484 1135/1190/1480
f 1337/1392/1448 49/62/1447 1335/1390/1467 752/807/1484
f 752/807/1484 1335/1390/1467 285/312/1471 1136/1191/1485
f 1135/1190/1480 752/807/1484 1136/1191/1485 190/217/1481
f 190/217/1481 1136/1191/1485 753/808/1486 1137/1192/1487
f 1136/1191/1485 285/312/1471 1336/1391/1477 753/808/1486
f 753/808/1486 1336/1391/1477 88/107/309 1495/1571/347
f 1137/1192/1487 753/808/1486 1495/1571/347 365/403/351
f 336/363/1483 1138/1193/1482 754/809/1488 1438/1493/1489
f 1138/1193/1482 190/217/1481 1137/1192/1487 754/809/1488
f 754/809/1488 1137/1192/1487 365/403/351 1496/1573/359
f 1438/1493/1489 754/809/1488 1496/1573/359 9/30/361
f 12/35/633 1442/1497/1377 755/810/1490 1520/1613/631
f 1442/1497/1377 338/365/1375 1139/1194/1491 755/810/1490
f 755/810/1490 1139/1194/1491 191/218/1492 1142/1197/1493
f 1520/1613/631 755/810/1490 1142/1197/1493 377/423/623
f 338/365/1375 1441/1496/1374 756/811/1494 1139/1194/1491
f 1441/1496/1374 74/87/1365 1340/1395/1495 756/811/1494
f 756/811/1494 1340/1395/1495 287/314/1496 1140/1195/1497
f 1139/1194/1491 756/811/1494 1140/1195/1497 191/218/1492
f 191/218/1492 1140/1195/1497 757/812/1498 1141/1196/1499
f 1140/1195/1497 287/314/1496 1339/1394/1500 757/812/1498
f 757/812/1498 1339/1394/1500 50/63/1501 1345/1400/1502
f 1141/1196/1499 757/812/1498 1345/1400/1502 290/317/1503
f 377/423/623 1142/1197/1493 758/813/1504 1519/1611/619
f 1142/1197/1493 191/218/1492 1141/1196/1499 758/813/1504
f 758/813/1504 1141/1196/1499 290/317/1503 1346/1401/1505
f 1519/1611/619 758/813/1504 1346/1401/1505 94/117/581
f 74/87/1365 1439/1494/1364 759/814/1506 1340/1395/1495
f 1439/1494/1364 337/364/1361 1143/1198/1507 759/814/1506
f 759/814/1506 1143/1198/1507 192/219/1508 1146/1201/1509
f 1340/1395/1495 759/814/1506 1146/1201/1509 287/314/1496
f 337/364/1361 1440/1495/1360 760/815/1510 1143/1198/1507
f 1440/1495/1360 26/20/1359 1436/1491/1435 760/815/1510
f 760/815/1510 1436/1491/1435 335/362/1439 1144/1199/1511
f 1143/1198/1507 760/815/1510 1144/1199/1511 192/219/1508
f 192/219/1508 1144/1199/1511 761/816/1512 1145/1200/1513
f 1144/1199/1511 335/362/1439 1435/1490/1451 761/816/1512
f 761/816/1512 1435/1490/1451 73/86/1453 1342/1397/1514
f 1145/1200/1513 761/816/1512 1342/1397/1514 288/315/1515
f 287/314/1496 1146/1201/1509 762/817/1516 1339/1394/1500
f 1146/1201/1509 192/219/1508 1145/1200/1513 762/817/1516
f 762/817/1516 1145/1200/1513 288/315/1515 1341/1396/1517
f 1339/1394/1500 762/817/1516 1341/1396/1517 50/63/1501
f 50/63/1501 1341/1396/1517 763/818/1518 1343/1398/1519
f 1341/1396/1517 288/315/1515 1147/1202/1520 763/818/1518
f 763/818/1518 1147/1202/1520 193/220/1521 1150/1205/1522
f 1343/1398/1519 763/818/1518 1150/1205/1522 289/316/1523
f 288/315/1515 1342/1397/1514 764/819/1524 1147/1202/1520
f 1342/1397/1514 73/86/1453 1437/1492/1479 764/819/1524
f 764/819/1524 1437/1492/1479 336/363/1483 1148/1203/1525
f 1147/1202/1520 764/819/1524 1148/1203/1525 193/220/1521
f 193/220/1521 1148/1203/1525 765/820/1526 1149/1204/1527
f 1148/1203/1525 336/363/1483 1438/1493/1489 765/820/1526
f 765/820/1526 1438/1493/1489 9/30/361 1492/1565/499
f 1149/1204/1527 765/820/1526 1492/1565/499 363/399/503
f 289/316/1523 1150/1205/1522 766/821/1528 1344/1399/1529
f 1150/1205/1522 193/220/1521 1149/1204/1527 766/821/1528
f 766/821/1528 1149/1204/1527 363/399/503 1491/1563/515
f 1344/1399/1529 766/821/1528 1491/1563/515 87/105/517
f 94/117/581 1346/1401/1505 767/822/1530 1521/1615/579
f 1346/1401/1505 290/317/1503 1151/1206/1531 767/822/1530
f 767/822/1530 1151/1206/1531 194/221/1532 1154/1209/1533
f 1521/1615/579 767/822/1530 1154/1209/1533 378/425/567
f 290/317/1503 1345/1400/1502 768/823/1534 1151/1206/1531
f 1345/1400/1502 50/63/1501 1343/1398/1519 768/823/1534
f 768/823/1534 1343/1398/1519 289/316/1523 1152/1207/1535
f 1151/1206/1531 768/823/1534 1152/1207/1535 194/221/1532
f 194/221/1532 1152/1207/1535 769/824/1536 1153/1208/1537
f 1152/1207/1535 289/316/1523 1344/1399/1529 769/824/1536
f 769/824/1536 1344/1399/1529 87/105/517 1493/1567/547
f 1153/1208/1537 769/824/1536 1493/1567/547 364/401/551
f 378/425/567 1154/1209/1533 770/825/1538 1522/1617/563
f 1154/1209/1533 194/221/1532 1153/1208/1537 770/825/1538
f 770/825/1538 1153/1208/1537 364/401/551 1494/1569/559
f 1522/1617/563 770/825/1538 1494/1569/559 5/8/561
